_id|isPb|wpm|acc|rawWpm|consistency|charStats|mode|mode2|quoteLength|restartCount|testDuration|afkDuration|incompleteTestSeconds|punctuation|numbers|language|funbox|difficulty|lazyMode|blindMode|bailedOut|tags|timestamp
651fe2054cb4fabb7daac2ac||120.99|95.47|128.99|80.15|605,11,0,4|time|60||32|60|0|186.89|false|false|english|none|normal|false|false|false||1696588285116
651fae2a4cb4fabb7d3be6d4||120.39|95.41|126.59|72.79|602,5,1,3|time|60|-1|20|60|0|143.83|false|false|english|none|normal|false|false|false||1696575018000
651ecbb94cb4fabb7d5a77d4||120.17|95.65|127.17|75.18|601,13,1,4|time|60|-1|7|60.02|0|34.38|false|false|english|none|normal|false|false|false||1696517049000
651ecb484cb4fabb7d5a7137||119.58|95.07|128.77|76.04|598,18,1,2|time|60|-1|10|60.01|0|91.69|false|false|english|none|normal|false|false|false||1696516936000
651eb5cd4cb4fabb7d2d9ac2||123.79|94.86|129.39|77.37|619,13,3,2|time|60|-1|13|60|0|141.44|false|false|english|none|normal|false|false|false||1696511437000
651eb4804cb4fabb7d2d8a59||122.98|96.35|129.58|78.42|615,11,1,1|time|60|-1|17|60.01|0|163.12|false|false|english|none|normal|false|false|false||1696511104000
651e9db24cb4fabb7df9a4b4||125.78|97.7|128.58|77.44|629,4,0,2|time|60|-1|4|60.01|0|31.6|false|false|english|none|normal|false|false|false||1696505266000
651e8fc34cb4fabb7ddc1945||122.59|96.35|129.19|80.81|613,9,0,0|time|60|-1|5|60|0|23.88|false|false|english|none|normal|false|false|false||1696501699000
651e72164cb4fabb7da0fdb0||126.79|97.44|130.59|78.81|634,4,0,1|time|60|-1|10|60|0|109.95|false|false|english|none|normal|false|false|false||1696494102000
651e524a4cb4fabb7d5e904f||121.59|96.15|126.39|79.01|608,5,1,2|time|60|-1|7|60.01|0|30.26|false|false|english|none|normal|false|false|false||1696485962000
651d33944cb4fabb7dff825e|true|130.17|96.77|133.36|77.66|651,6,0,0|time|60|-1|8|60.02|0|29.05|false|false|english|none|normal|false|false|false||1696412564000
651d33234cb4fabb7dff7eb5||121.59|95.73|128.79|76.99|608,8,1,3|time|60|-1|33|60|0|178.98|false|false|english|none|normal|false|false|false||1696412451000
651c17ac4cb4fabb7db00fe6||121.77|94.2|132.77|80.86|609,18,3,1|time|60|-1|3|60.01|0|12.8|false|false|english|none|normal|false|false|false||1696339884000
651c17404cb4fabb7da8c6d6||121.59|95.92|129.59|77.74|608,7,0,7|time|60|-1|24|60|0|106.44|false|false|english|none|normal|false|false|false||1696339776000
651b7ed64cb4fabb7d6bcf58||109.39|94.29|121.19|78.85|547,18,1,1|time|60|-1|11|60|0|59.96|false|false|english|none|normal|false|false|false||1696300758000
651b71c34cb4fabb7d4e6c5f||119.97|96.68|124.37|78.95|600,6,1,1|time|60|-1|7|60.02|0|73.5|false|false|english|none|normal|false|false|false||1696297411000
651af4ec4cb4fabb7d4c08c9||117.57|95.75|125.37|76.58|588,7,6,2|time|60|-1|16|60.01|0|146.71|false|false|english|none|normal|false|false|false||1696265452000
651a654836bd0a3b023c7a60||118.79|97.1|121.79|80.51|594,5,0,0|time|60|-1|3|60.01|0|23.37|false|false|english|none|normal|false|false|false||1696228680000
651a624a36bd0a3b02352282||109.77|93.77|121.57|71.02|549,11,1,7|time|60|-1|12|60.02|0|39.82|false|false|english|none|normal|false|false|false||1696227914000
651a61b736bd0a3b02351e12||112.98|94.94|116.38|74.98|565,5,1,2|time|60|-1|12|60.01|0|62.71|false|false|english|none|normal|false|false|false||1696227767000
651a1b6f36bd0a3b02a245ab||122.99|97.5|127.19|77.97|615,6,1,2|time|60|-1|20|60.01|0|179.39|false|false|english|none|normal|false|false|false||1696209775000
6519589036bd0a3b020e2a6c||119.98|96.71|126.17|81.35|600,9,2,1|time|60|-1|17|60.01|0|102.34|false|false|english|none|normal|false|false|false||1696159888000
6519517136bd0a3b02ff79dd||123.38|95.32|136.18|76.24|617,18,2,1|time|60|-1|0|60.01|0|0|false|false|english|none|normal|false|false|false||1696158065000
6518f37c36bd0a3b023981e5||111.98|93.34|123.58|77.53|560,17,7,1|time|60|-1|8|60.01|0|114.34|false|false|english|none|normal|false|false|false||1696134012000
6518f2c036bd0a3b02397d50||112.99|94.61|120.99|76.81|565,16,2,2|time|60|-1|7|60|0|52.23|false|false|english|none|normal|false|false|false||1696133824000
6518637236bd0a3b020d5389||117.59|93.85|130.79|77.54|588,18,2,2|time|60|-1|10|60.01|0|86.66|false|false|english|none|normal|false|false|false||1696097138000
651862ce36bd0a3b020d4eb2||119.79|95.74|129.99|79.15|599,11,1,5|time|60|-1|48|60|0|285.87|false|false|english|none|normal|false|false|false||1696096974000
6518389336bd0a3b02b50d34||125.59|95.51|136.79|80.68|628,15,0,4|time|60|-1|7|60|0|94.85|false|false|english|none|normal|false|false|false||1696086163000
651837c036bd0a3b02adc7d0||115.79|93.48|123.99|75.77|579,14,1,2|time|60|-1|15|60|0|85.82|false|false|english|none|normal|false|false|false||1696085952000
6518371136bd0a3b02adc254||122.79|94.59|130.79|77.47|614,14,3,9|time|60|-1|22|60.01|0|156.73|false|false|english|none|normal|false|false|false||1696085777000
6518156a36bd0a3b026b8623||118.57|94.77|127.77|78.54|593,15,2,3|time|60|-1|56|60.02|0|403.91|false|false|english|none|normal|false|false|false||1696077162000
6518071c36bd0a3b024e291b||123.19|94.2|136.19|79.7|616,21,1,5|time|60|-1|103|60|0|525.61|false|false|english|none|normal|false|false|false||1696073500000
6517f66736bd0a3b02298850||121.99|95.84|133.79|78.04|610,14,2,1|time|60|-1|15|60|0|97.45|false|false|english|none|normal|false|false|false||1696069223000
6517f14e36bd0a3b021aec81||116.58|94.18|127.78|75.28|583,15,1,3|time|60|-1|12|60.01|0|34.5|false|false|english|none|normal|false|false|false||1696067918000
6517f0dd36bd0a3b021ae9e2||117.99|93.53|130.19|78.57|590,21,2,5|time|60|-1|10|60.01|0|85.08|false|false|english|none|normal|false|false|false||1696067805000
6517e63f36bd0a3b0204ee0a||114.78|94.5|124.18|79.1|574,16,1,1|time|60|-1|33|60.01|0|224.46|false|false|english|none|normal|false|false|false||1696065087000
651561a336bd0a3b02c328e9||120.16|94.99|130.36|79.68|601,15,2,2|time|60|-1|26|60.02|0|204.65|false|false|english|none|normal|false|false|false||1695900067000
65150e1d36bd0a3b02134143||115.77|94.94|122.37|76.52|579,6,4,0|time|60|-1|7|60.01|0|41.9|false|false|english|none|normal|false|false|false||1695878685000
65150d5736bd0a3b02133b54||122.19|95.61|129.99|79.27|611,13,0,2|time|60|-1|3|60|0|40.75|false|false|english|none|normal|false|false|false||1695878487000
65150cc636bd0a3b021336c7||125.98|96.85|132.38|81.7|630,10,1,0|time|60|-1|3|60.01|0|14.09|false|false|english|none|normal|false|false|false||1695878342000
65145fce36bd0a3b02abdc02||114.57|95.1|125.37|77.74|573,12,4,2|time|60|-1|7|60.02|0|69.83|false|false|english|none|normal|false|false|false||1695834062000
65145de936bd0a3b02a48a7a||127.17|97.59|131.37|79.54|636,5,0,4|time|60|-1|32|60.02|0|382.6|false|false|english|none|normal|false|false|false||1695833577000
651445f936bd0a3b0270bdfb||118.99|95.36|127.39|78.25|595,11,1,2|time|60|-1|40|60|0|300.58|false|false|english|none|normal|false|false|false||1695827449000
651422e136bd0a3b0226bd12||119.79|94.65|129.19|79.71|599,18,2,1|time|60|-1|8|60.01|0|79.64|false|false|english|none|normal|false|false|false||1695818465000
6513065357fd4d7aac80c118||119.4|94.62|127.8|75.4|597,15,2,1|time|60|-1|19|60|0|89.58|false|false|english|none|normal|false|false|false||1695745619000
651304c957fd4d7aac80ac0c||121.99|95.85|127.79|78.61|610,9,1,6|time|60|-1|5|60.01|0|20.76|false|false|english|none|normal|false|false|false||1695745225000
6512994e57fd4d7aac9ca427||122.76|96.7|132.16|79.41|614,11,0,1|time|60|-1|15|60.02|0|145|false|false|english|none|normal|false|false|false||1695717710000
6512978b57fd4d7aac9c970e||113.79|94.15|124.39|76.18|569,17,1,5|time|60|-1|28|60.01|0|299.92|false|false|english|none|normal|false|false|false||1695717259000
651242a957fd4d7aaced3bef||109.99|94.83|117.19|75.03|550,8,3,0|time|60|-1|24|60|0|179.97|false|false|english|none|normal|false|false|false||1695695529000
651240b557fd4d7aace5fa45||119.78|95.24|128.37|76.45|599,8,7,3|time|60|-1|4|60.01|0|17.41|false|false|english|none|normal|false|false|false||1695695029000
6512360b57fd4d7aacd011b6||118.19|96.36|124.19|77.24|591,8,0,1|time|60|-1|16|60|0|96.7|false|false|english|none|normal|false|false|false||1695692299000
6511b3bb57fd4d7aacc0e0d5||119.99|95.25|129.78|79.52|600,14,4,3|time|60|-1|21|60.01|0|141.56|false|false|english|none|normal|false|false|false||1695658939000
6511b01057fd4d7aacb97caa||127.38|96.59|133.58|75.9|637,8,3,2|time|60|-1|19|60.01|0|154.96|false|false|english|none|normal|false|false|false||1695658000000
6511ae9357fd4d7aacb5cf0c||118.78|95.73|124.78|77.01|594,11,3,0|time|60|-1|9|60.01|0|76.29|false|false|english|none|normal|false|false|false||1695657619000
65118cea57fd4d7aac6fa667||117.4|96.01|122.2|74.48|587,8,0,1|time|60|-1|35|60|0|287.51|false|false|english|none|normal|false|false|false||1695649002000
65117778daab84819f7f8dc6||120.58|94.55|128.77|76.12|603,14,1,4|time|60|-1|28|60.01|0|172.12|false|false|english|none|normal|false|false|false||1695643512000
65114297daab84819f11f2f3||119.17|94.83|128.97|79.14|596,11,3,3|time|60|-1|6|60.01|0|17.3|false|false|english|none|normal|false|false|false||1695629975000
6510fcaadaab84819f801785||123.18|95.43|134.78|79.31|616,14,3,6|time|60|-1|0|60.01|0|0|false|false|english|none|normal|false|false|false||1695612074000
650ff2badaab84819f560f1a||119.79|95.66|127.99|78.01|599,15,2,6|time|60|-1|4|60|0|12.8|false|false|english|none|normal|false|false|false||1695543994000
650ff1eadaab84819f56098e||116.99|95.85|122.79|72.8|585,11,0,0|time|60|-1|15|60.01|0|136.97|false|false|english|none|normal|false|false|false||1695543786000
650fc2bddaab84819ff76113||107.99|94|113.99|73.36|540,5,2,3|time|60|-1|27|60.01|0|295.1|false|false|english|none|normal|false|false|false||1695531709000
650db99bdaab84819fba81bc||118.17|96.55|125.97|75.98|591,6,3,2|time|60|-1|13|60.01|0|120.05|false|false|english|none|normal|false|false|false||1695398299000
650db60edaab84819fb322a5||119.79|94.81|129.99|79.5|599,14,8,1|time|60|-1|13|60|0|94.36|false|false|english|none|normal|false|false|false||1695397390000
650db54edaab84819fb31816||110.59|92.3|124.59|77.07|553,22,4,5|time|60|-1|11|60|0|91.73|false|false|english|none|normal|false|false|false||1695397198000
650d80e6daab84819f44df99||122.19|97.82|126.79|74.86|611,5,0,1|time|60|-1|17|60|0|179.29|false|false|english|none|normal|false|false|false||1695383782000
650d5614daab84819fed70d9||121.39|94.09|129.99|81.22|607,17,5,1|time|60|-1|15|60.01|0|156.71|false|false|english|none|normal|false|false|false||1695372820000
650d54e8daab84819fed6820||121.17|96.41|125.37|77.04|606,6,1,2|time|60|-1|23|60.01|0|100.81|false|false|english|none|normal|false|false|false||1695372520000
650d531cdaab84819fe62d3c||117.59|96.02|121.99|74.82|588,7,0,6|time|60|-1|5|60|0|22.99|false|false|english|none|normal|false|false|false||1695372060000
650d0749daab84819f4d5fd6||112.98|94.51|119.18|74.88|565,7,1,1|time|60|-1|5|60.01|0|39.25|false|false|english|none|normal|false|false|false||1695352649000
650d0476daab84819f461f6b||121.58|97.64|126.18|76|608,4,2,0|time|60|-1|7|60.01|0|104.66|false|false|english|none|normal|false|false|false||1695351926000
650c5cf6daab84819fe7b735||127.99|98.19|131.99|80.28|640,4,1,1|time|60|-1|4|60|0|27.09|false|false|english|none|normal|false|false|false||1695309046000
650c5c8adaab84819fe7b154||108.19|92.67|119.79|74|541,19,2,4|time|60|-1|0|60|0|0|false|false|english|none|normal|false|false|false||1695308938000
650c5c4cdaab84819fe7add2||108.79|94.3|114.39|72.33|544,6,1,2|time|60|-1|21|60.01|0|174.29|false|false|english|none|normal|false|false|false||1695308876000
650c533ddaab84819fd1a8ce||124.2|96.08|129.2|79.94|621,7,1,2|time|60|-1|2|60|0|1.68|false|false|english|none|normal|false|false|false||1695306557000
650c52c2daab84819fd1a190||114.17|93.52|127.77|76.65|571,18,5,3|time|60|-1|9|60.01|0|94.02|false|false|english|none|normal|false|false|false||1695306434000
650c521ddaab84819fd19824||119.19|94.11|130.99|82.73|596,13,10,1|time|60|-1|2|60|0|9|false|false|english|none|normal|false|false|false||1695306269000
650c35cedaab84819f96cdfd|true|128.59|97.2|132.99|76.15|643,5,1,0|time|60|-1|5|60|0|65.24|false|false|english|none|normal|false|false|false||1695299022000
650bbe9bdaab84819f9f695a||124.99|96.31|134.98|80.59|625,12,1,4|time|60|-1|4|60.01|0|31.77|false|false|english|none|normal|false|false|false||1695268507000
650bb4dbdaab84819f89a2fa||117.79|95.81|127.19|82.17|589,12,0,3|time|60|-1|7|60.01|0|74.9|false|false|english|none|normal|false|false|false||1695266011000
650bb448daab84819f899eba||117.18|95.55|123.18|76.41|586,10,1,1|time|60|-1|3|60.01|0|8.44|false|false|english|none|normal|false|false|false||1695265864000
650b2e6adaab84819f750b6d||121.18|97.16|125.98|76.6|606,8,1,1|time|60|-1|1|60.01|0|19.14|false|false|english|none|normal|false|false|false||1695231594000
650b2e0bdaab84819f750625||113.37|95.48|123.17|78.22|567,15,1,5|time|60|-1|2|60.02|0|4.45|false|false|english|none|normal|false|false|false||1695231499000
650b2db5daab84819f750126||107.59|94.49|116.18|75.23|538,10,1,2|time|60|-1|3|60.01|0|67.92|false|false|english|none|normal|false|false|false||1695231413000
650b2d30daab84819f74f9eb||110.77|95.7|118.57|76.44|554,7,4,1|time|60|-1|2|60.01|0|46.54|false|false|english|none|normal|false|false|false||1695231280000
650ae412daab84819fdab6eb||119.79|94.59|132.19|80.42|599,17,4,2|time|60|-1|10|60|0|53.88|false|false|english|none|normal|false|false|false||1695212562000
650ae368daab84819fdab041||124.79|95.81|132.98|80.5|624,14,3,2|time|60|-1|3|60.01|0|5.88|false|false|english|none|normal|false|false|false||1695212392000
650ae305daab84819fdaac65||117.38|94.68|125.18|76.13|587,13,1,5|time|60|-1|11|60.01|0|121.63|false|false|english|none|normal|false|false|false||1695212293000
650acfe6daab84819faf0e82||117.77|96.62|121.97|75.19|589,7,0,1|time|60|-1|0|60.02|0|0|false|false|english|none|normal|false|false|false||1695207398000
650acfa5daab84819faf0ce2||121.39|94.7|130.79|79.14|607,18,3,1|time|60|-1|0|60|0|0|false|false|english|none|normal|false|false|false||1695207333000
650acc6fdaab84819fa7cc52||117.2|95.85|121.79|82.32|586,4,4,0|time|60|-1|5|60|0|41.02|false|false|english|none|normal|false|false|false||1695206511000
650acb9fdaab84819fa7c667||116.59|93.93|125.39|75.66|583,18,2,1|time|60|-1|9|60|0|28.55|false|false|english|none|normal|false|false|false||1695206303000
650aae00daab84819f6d97c9||111.57|93.81|122.97|75.94|558,13,4,1|time|60|-1|5|60.01|0|47.05|false|false|english|none|normal|false|false|false||1695198720000
650aad12daab84819f666770||111.2|93.41|120.99|78.5|556,14,4,1|time|60|-1|5|60|0|66.44|false|false|english|none|normal|false|false|false||1695198482000
650aac72daab84819f666237||119|94.94|127.4|77.56|595,11,2,3|time|60|-1|17|60|0|137.21|false|false|english|none|normal|false|false|false||1695198322000
650a6ab8daab84819fe01546||119.59|95.77|125.79|82.41|598,10,2,2|time|60|-1|8|60.01|0|45.4|false|false|english|none|normal|false|false|false||1695181496000
650a6a26daab84819fdc7d95||122.38|95.36|127.38|76.17|612,12,4,0|time|60|-1|15|60.01|0|186.58|false|false|english|none|normal|false|false|false||1695181350000
650a58cddaab84819fb83da0||115.18|94.43|121.78|73.18|576,13,1,0|time|60|-1|2|60.01|0|14.47|false|false|english|none|normal|false|false|false||1695176909000
650a5863daab84819fb83acb||122.19|96.45|128.39|80.69|611,11,2,1|time|60|-1|5|60.01|0|82.14|false|false|english|none|normal|false|false|false||1695176803000
650a5795daab84819fb835a4||113|93.44|126.19|76.49|565,19,5,4|time|60|-1|3|60|0|29.42|false|false|english|none|normal|false|false|false||1695176597000
650a5709daab84819fb831cc||122.38|96.6|127.78|75.4|612,7,2,3|time|60|-1|2|60.01|0|61.01|false|false|english|none|normal|false|false|false||1695176457000
650a568ddaab84819fb82e38||115.59|96.04|124.99|75.03|578,12,0,1|time|60|-1|2|60.01|0|44.44|false|false|english|none|normal|false|false|false||1695176333000
6509e0efdaab84819fc11567||107.8|93.83|116.6|72.19|539,13,3,1|time|60|-1|10|60|0|23.85|false|false|english|none|normal|false|false|false||1695146223000
6509e074daab84819fc10f33||106.58|95.55|114.78|67.58|533,11,0,1|time|60|-1|21|60.01|0|207.23|false|false|english|none|normal|false|false|false||1695146100000
6509c54bdaab84819f865f10||110.39|94.68|115.59|71.7|552,7,1,1|time|60|-1|6|60|0|37.29|false|false|english|none|normal|false|false|false||1695139147000
6509c41fdaab84819f864e94||113.79|93.62|126.39|79.2|569,20,3,2|time|60|-1|7|60.01|0|64.32|false|false|english|none|normal|false|false|false||1695138847000
6509c398daab84819f8646da||115.38|93.64|126.98|79.02|577,23,3,2|time|60|-1|7|60.01|0|43.48|false|false|english|none|normal|false|false|false||1695138712000
6509c229daab84819f863205||109.99|92.83|117.39|70.61|550,11,3,2|time|60|-1|3|60|0|30.62|false|false|english|none|normal|false|false|false||1695138345000
6509c189daab84819f7f0192||119.19|94.27|125.39|77.67|596,12,4,1|time|60|-1|11|60|0|40.19|false|false|english|none|normal|false|false|false||1695138185000
6509a146b3a5cd15267436d4||113.18|94.31|119.78|73.42|566,12,3,1|time|60|-1|7|60.01|0|75.07|false|false|english|none|normal|false|false|false||1695129926000
6509a0b2b3a5cd1526742ee9||117.19|93.34|128.79|78.11|586,15,4,1|time|60|-1|12|60|0|185.61|false|false|english|none|normal|false|false|false||1695129778000
6509962ab3a5cd15265e375b||115.77|94.93|123.97|76.68|579,10,4,0|time|60|-1|28|60.01|0|190.56|false|false|english|none|normal|false|false|false||1695127082000
65093049b3a5cd15268b9f72||119.99|97.45|124.19|78.11|600,6,0,1|time|60|-1|7|60|0|73.16|false|false|english|none|normal|false|false|false||1695101001000
65092783b3a5cd15267d15ab||103.78|94.47|112.78|76.69|519,10,1,2|time|60|-1|4|60.01|0|20.85|false|false|english|none|normal|false|false|false||1695098755000
65091c59b3a5cd1526602b92||116.17|95.08|123.37|77.56|581,11,1,4|time|60|-1|16|60.01|0|189.99|false|false|english|none|normal|false|false|false||1695095897000
65090a5bb3a5cd15263be8db||115.19|92.76|127.39|78.68|576,20,5,3|time|60|-1|11|60|0|77.65|false|false|english|none|normal|false|false|false||1695091291000
65090534b3a5cd1526349e3a||110.79|95.52|118.59|76.64|554,11,0,3|time|60|-1|24|60.01|0|149.63|false|false|english|none|normal|false|false|false||1695089972000
65090351b3a5cd15262d6b3c||115.39|95.92|120.59|76.15|577,9,1,1|time|60|-1|3|60.01|0|31.9|false|false|english|none|normal|false|false|false||1695089489000
65087330b3a5cd15260329fa||115.58|93.47|127.58|78.51|578,22,6,3|time|60|-1|0|60.01|0|0|false|false|english|none|normal|false|false|false||1695052592000
650872a3b3a5cd1526032215||116.37|93.25|124.57|76.92|582,17,4,3|time|60|-1|0|60.02|0|0|false|false|english|none|normal|false|false|false||1695052451000
65087265b3a5cd1526031ebf||110.19|95.9|113.99|75.33|551,5,2,1|time|60|-1|6|60.01|0|23.67|false|false|english|none|normal|false|false|false||1695052389000
650871d1b3a5cd15260316e4||111.59|94.83|122.19|76.29|558,13,3,3|time|60|-1|7|60.01|0|91.68|false|false|english|none|normal|false|false|false||1695052241000
65086bb9b3a5cd1526f4762b||117.18|94.87|127.18|78.24|586,14,5,6|time|60|-1|4|60.01|0|27.18|false|false|english|none|normal|false|false|false||1695050681000
650866abb3a5cd1526ed0827||120.99|94.1|130.99|79.47|605,20,5,1|time|60|-1|42|60|0|449.44|false|false|english|none|normal|false|false|false||1695049387000
650852a0b3a5cd1526c11553||120.98|96.87|125.98|77.46|605,6,1,1|time|60|-1|7|60.01|0|132.52|false|false|english|none|normal|false|false|false||1695044256000
650850e2b3a5cd1526bd6a93||122.4|94.84|130.2|78.36|612,18,3,1|time|60|-1|4|60|0|41.5|false|false|english|none|normal|false|false|false||1695043810000
65085039b3a5cd1526b9cfc2||113.78|94.43|123.38|77.29|569,9,8,2|time|60|-1|6|60.01|0|79.52|false|false|english|none|normal|false|false|false||1695043641000
650843cdb3a5cd1526a3cb7e||110.39|94.93|115.39|77.91|552,10,1,0|time|60|-1|18|60.01|0|130.7|false|false|english|none|normal|false|false|false||1695040461000
65083f92b3a5cd15269c7752||112.76|93.78|123.56|77.53|564,16,7,3|time|60|-1|8|60.02|0|72.36|false|false|english|none|normal|false|false|false||1695039378000
650836f3b3a5cd152686b6a9||115.58|94.77|124.58|78.14|578,12,5,3|time|60|-1|53|60.01|0|491.31|false|false|english|none|normal|false|false|false||1695037171000
650829b5b3a5cd152669b6c8||115.17|95.18|122.37|78.36|576,14,2,0|time|60|-1|8|60.02|0|53.64|false|false|english|none|normal|false|false|false||1695033781000
650565afb3a5cd1526bc5511||106.99|95.88|114.79|76.75|535,8,1,3|time|60|-1|29|60|0|189.92|false|false|english|none|normal|false|false|false||1694852527000
65056066b3a5cd1526adf144|true|125.99|98.3|128.79|81.5|630,4,0,1|time|60|-1|12|60|0|110.07|false|false|english|none|normal|false|false|false||1694851174000
65041730b3a5cd15260c780f||114.39|95.91|119.19|74.61|572,9,0,1|time|60|-1|6|60|0|43.66|false|false|english|none|normal|false|false|false||1694766896000
6503bbd6b3a5cd152650c47c||104.58|94.26|110.98|74.35|523,8,0,3|time|60|-1|6|60.01|0|21.87|false|false|english|none|normal|false|false|false||1694743510000
6503bb71b3a5cd152650c1e4||101.79|94.11|113.39|77.13|509,17,1,1|time|60|-1|1|60|0|5.72|false|false|english|none|normal|false|false|false||1694743409000
6503bb2cb3a5cd152650c022||102.59|95|110.19|73.42|513,10,4,2|time|60|-1|4|60.01|0|29.28|false|false|english|none|normal|false|false|false||1694743340000
6503ba4fb3a5cd1526499ba6||109.99|95.9|114.79|79.1|550,8,1,2|time|60|-1|2|60|0|18.5|false|false|english|none|normal|false|false|false||1694743119000
65031f31b3a5cd15260a9727||113.19|95.97|116.99|72.32|566,9,0,7|time|60|-1|5|60|0|12.37|false|false|english|none|normal|false|false|false||1694703409000
65031e7db3a5cd15260a8cd2||116.4|96.62|122.2|77.77|582,8,0,2|time|60|-1|2|60|0|15.84|false|false|english|none|normal|false|false|false||1694703229000
65031df1b3a5cd15260a8531||106.79|93.53|113.59|74.68|534,12,1,4|time|60|-1|3|60|0|16.19|false|false|english|none|normal|false|false|false||1694703089000
65031d97b3a5cd15260a804b||120.2|96.38|125.4|78.85|601,8,3,1|time|60|-1|9|60|0|83.12|false|false|english|none|normal|false|false|false||1694702999000
65031cb7b3a5cd15260a7416||110.6|95.96|115.8|74.2|553,6,1,2|time|60|-1|7|60|0|76.91|false|false|english|none|normal|false|false|false||1694702775000
6502fb0cb3a5cd1526c194ff||108.19|96.21|112.79|75.76|541,6,0,1|time|60|-1|5|60.01|0|50.6|false|false|english|none|normal|false|false|false||1694694156000
650197c11f44667c8e9b52a9||111.79|95.2|118.79|74.17|559,12,1,1|time|60|-1|12|60|0|125.29|false|false|english|none|normal|false|false|false||1694603201000
6501947f1f44667c8e941e9f||120.8|97.16|126|76.12|604,9,1,1|time|60|-1|5|60|0|34.25|false|false|english|none|normal|false|false|false||1694602367000
65018f291f44667c8e894c07||112.19|96.31|116.99|77.5|561,6,2,2|time|60|-1|8|60.01|0|110.65|false|false|english|none|normal|false|false|false||1694601001000
65018e4a1f44667c8e85b89f||113.59|96.5|116.79|69.4|568,4,0,2|time|60|-1|4|60|0|15.56|false|false|english|none|normal|false|false|false||1694600778000
6501374a1f44667c8ed542d9||107.2|93.68|112.2|73.74|536,8,2,3|time|60|-1|8|60|0|43.67|false|false|english|none|normal|false|false|false||1694578506000
650136a31f44667c8ed1b1a8||114.4|96.53|118.6|76.25|572,6,0,3|time|60|-1|13|60|0|116.46|false|false|english|none|normal|false|false|false||1694578339000
650134d11f44667c8ed1a503||113.19|94.95|119.79|75|566,8,1,8|time|60|-1|0|60.01|0|0|false|false|english|none|normal|false|false|false||1694577873000
64fd7a221f44667c8e29e792||114.39|95.6|119.19|77.98|572,7,0,1|time|60|-1|7|60|0|28.03|false|false|english|none|normal|false|false|false||1694333474000
64fd68031f44667c8e060cb5||98.6|92.93|110.2|75.26|493,8,14,0|time|60|-1|0|60|0|0|false|false|english|none|normal|false|false|false||1694328835000
64fd67c51f44667c8e060b23||107.6|94.04|114.8|78.55|538,15,2,1|time|60|-1|6|60|0|57.89|false|false|english|none|normal|false|false|false||1694328773000
64fd27991f44667c8e85281d||109.4|96.71|112.8|69.92|547,4,0,2|time|60|-1|5|60|0|23.83|false|false|english|none|normal|false|false|false||1694312345000
64fc99751f44667c8e5fb4a1||121.2|97.02|125|76.73|606,4,0,3|time|60|-1|9|60|0|108.61|false|false|english|none|normal|false|false|false||1694275957000
64fc98ad1f44667c8e5fae7d||115.78|94.91|123.18|78.28|579,12,1,2|time|60|-1|8|60.01|0|61.31|false|false|english|none|normal|false|false|false||1694275757000
64fc978c1f44667c8e5fa506||116.99|95.82|121.79|76.05|585,7,2,0|time|60|-1|11|60|0|78.76|false|false|english|none|normal|false|false|false||1694275468000
64f5ae8558c9a3c8c38cb35a||111.19|92.95|124.39|73.96|556,12,11,4|time|60|-1|6|60|0|26.05|false|false|english|none|normal|false|false|false||1693822597000
64f0609383e8f7f36f3ed666||102.98|93.31|114.78|76.53|515,10,14,1|time|60|-1|28|60.01|0|213.1|false|false|english|none|normal|false|false|false||1693474963000
64ee1f0183e8f7f36fb0ac84||108.6|94.63|108.8|73.35|543,1,0,0|time|60|-1|4|60|0|6.26|false|false|english|none|normal|false|false|false||1693327105000
64ee060383e8f7f36f7e8852||109.4|94.7|119.8|77.58|547,18,1,2|time|60|-1|9|60|0|81.44|false|false|english|none|normal|false|false|false||1693320707000
64eb5d9e83e8f7f36f1ec38e||122.17|97.78|125.37|77.91|611,6,0,1|time|60|-1|42|60.01|0|229.05|false|false|english|none|normal|false|false|false||1693146526000
64eace4383e8f7f36f0411a0||111.4|95.11|120|73.49|557,9,4,3|time|60|-1|3|60|0|39.27|false|false|english|none|normal|false|false|false||1693109827000
64eacd8283e8f7f36ffd1415||119.6|97.75|123|81.28|598,4,0,2|time|60|-1|2|60|0|20.89|false|false|english|none|normal|false|false|false||1693109634000
64eacd2a83e8f7f36ffd1206||112.99|96.21|119.58|78.56|565,7,2,1|time|60|-1|6|60.01|0|71.32|false|false|english|none|normal|false|false|false||1693109546000
64ea010a83e8f7f36f63c44e||109.8|94.58|120|79.58|549,15,1,4|time|60|-1|1|60|0|3.85|false|false|english|none|normal|false|false|false||1693057290000
64ea00b583e8f7f36f63c180||113.6|94.75|118.8|72.64|568,11,0,5|time|60|-1|6|60|0|38.85|false|false|english|none|normal|false|false|false||1693057205000
64e9ffa183e8f7f36f63b914||112.99|96.34|118.39|75.65|565,6,2,4|time|60|-1|14|60.01|0|148.45|false|false|english|none|normal|false|false|false||1693056929000
64e9d4a983e8f7f36f0eeaaa||118.17|96.32|122.77|78.09|591,8,0,2|time|60|-1|8|60.01|0|50.83|false|false|english|none|normal|false|false|false||1693045929000
64e9d1fb83e8f7f36f07e171|true|123.18|98.89|125.58|79.87|616,2,0,2|time|60|-1|1|60.01|0|2.38|false|false|english|none|normal|false|false|false||1693045243000
64e9d1b983e8f7f36f07dfbb||102|92.52|111|73.79|510,12,6,0|time|60|-1|18|60|0|123|false|false|english|none|normal|false|false|false||1693045177000
64e9995483e8f7f36f9708b2||108.57|93.52|116.77|75.52|543,12,3,1|time|60|-1|4|60.01|0|16.51|false|false|english|none|normal|false|false|false||1693030740000
64e998e383e8f7f36f9705d6||112.58|96|116.18|75.85|563,4,1,1|time|60|-1|3|60.01|0|16.33|false|false|english|none|normal|false|false|false||1693030627000
64e8bfa483e8f7f36fe0be2e||98.8|94.76|101.8|69.39|494,4,1,3|time|60|-1|4|60|0|28.93|false|false|english|none|normal|false|false|false||1692975012000
64e879f25ba2af43db360758||114.8|95.52|122.8|79.17|574,9,2,2|time|60|-1|9|60|0|38.9|false|false|english|none|normal|false|false|false||1692957170000
64e8796f5ba2af43db36038a||118.98|95.89|120.78|73.69|595,3,0,0|time|60|-1|6|60.01|0|31.64|false|false|english|none|normal|false|false|false||1692957039000
64e878e95ba2af43db35ff7a||114.8|96.52|117.8|75.95|574,4,0,1|time|60|-1|3|60|0|65.14|false|false|english|none|normal|false|false|false||1692956905000
64e8785a5ba2af43db35fb8e||106.2|95.05|109.6|71.93|531,7,0,1|time|60|-1|25|60|0|124.68|false|false|english|none|normal|false|false|false||1692956762000
64e5f0005ba2af43db1a9583||108.6|95.86|113.4|74.06|543,7,0,1|time|60|-1|28|60|0|199.08|false|false|english|none|normal|false|false|false||1692790784000
64e4d097219963232841e3da||108.39|96.03|113.99|75.35|542,8,1,5|time|60|-1|3|60|0|23.13|false|false|english|none|normal|false|false|false||1692717207000
64e4ceb1219963232841cea5||112.59|95.73|120.19|77.69|563,9,1,6|time|60|-1|7|60.01|0|19.88|false|false|english|none|normal|false|false|false||1692716721000
64e4ce22219963232841c8c7||109.39|95.1|115.39|74.46|547,9,1,3|time|60|-1|1|60.01|0|15.42|false|false|english|none|normal|false|false|false||1692716578000
64e44197296972726ca677d5||118.59|96.69|125.99|79.93|593,10,0,2|time|60|-1|8|60|0|43.42|false|false|english|none|normal|false|false|false||1692680599000
64e410ee296972726c440dd3||109.98|97.88|111.58|76.43|550,2,0,1|time|60|-1|5|60.01|0|46.02|false|false|english|none|normal|false|false|false||1692668142000
64e38544296972726c2a6e4f||108.58|96.02|113.38|73.27|543,7,1,1|time|60|-1|8|60.01|0|56.41|false|false|english|none|normal|false|false|false||1692632388000
64e3487e296972726cb23040||109.18|95.69|114.38|77.84|546,8,6,0|time|60|-1|3|60.01|0|9.26|false|false|english|none|normal|false|false|false||1692616830000
64e20d20296972726c3a627b||105.18|94.26|111.57|72.7|526,10,0,3|time|60|-1|1|60.01|0|1.65|false|false|english|none|normal|false|false|false||1692536096000
64e20cde296972726c3a60b6||108.18|95.83|109.18|75.66|541,3,0,1|time|60|-1|23|60.01|0|191.27|false|false|english|none|normal|false|false|false||1692536030000
64db2a2d707edb2448528029||118.19|97.72|121.39|72.78|591,5,1,2|time|60|-1|9|60.01|0|82.04|false|false|english|none|normal|false|false|false||1692084781000
64db1bac707edb244836896f||102.19|93.53|110.58|77.88|511,12,1,6|time|60|-1|4|60.01|0|90.91|false|false|english|none|normal|false|false|false||1692081068000
64d9f8d8707edb2448f26903||116.19|96.75|120.59|78.29|581,5,0,4|time|60|-1|0|60|0|0|false|false|english|none|normal|false|false|false||1692006616000
64d9f896707edb2448f2671b||109.58|94.37|117.58|74.49|548,13,1,2|time|60|-1|15|60.01|0|52.03|false|false|english|none|normal|false|false|false||1692006550000
64d8b8ad707edb2448784a58||111.39|95.87|118.59|73.15|557,8,0,4|time|60|-1|25|60|0|93.64|false|false|english|none|normal|false|false|false||1691924653000
64d8b739707edb244871608f||122.18|95.3|130.78|81.45|611,13,7,3|time|60|-1|8|60.01|0|67.92|false|false|english|none|normal|false|false|false||1691924281000
64d8b680707edb2448715c3c||118.79|95.41|124.38|76.98|594,10,5,6|time|60|-1|37|60.01|0|248.96|false|false|english|none|normal|false|false|false||1691924096000
64d87fce707edb244808e4d3||122.38|97.2|127.38|83.26|612,8,1,1|time|60|-1|6|60.01|0|13.25|false|false|english|none|normal|false|false|false||1691910094000
64d87f3c707edb24480200f8||118.59|95.47|126.99|77.64|593,11,7,4|time|60|-1|5|60|0|16.02|false|false|english|none|normal|false|false|false||1691909948000
64d87cea707edb244801f28c||118.78|95.9|122.78|79.53|594,4,1,3|time|60|-1|7|60.01|0|16.61|false|false|english|none|normal|false|false|false||1691909354000
64d87c85707edb244801f062||112.58|96.64|116.38|77.66|563,4,2,0|time|60|-1|15|60.01|0|88.67|false|false|english|none|normal|false|false|false||1691909253000
64d52159e86d598da7d6fb17||101.97|94.77|107.17|68.78|510,6,1,0|time|60|-1|1|60.02|0|6.7|false|false|english|none|normal|false|false|false||1691689305000
64d5208fe86d598da7d6f444||109.19|95.18|112.59|74.6|546,4,4,2|time|60|-1|5|60|0|50.47|false|false|english|none|normal|false|false|false||1691689103000
64d51f6588a8b868fdf8929a||112.39|96.49|117.99|78.63|562,4,4,2|time|60|-1|11|60|0|100.18|false|false|english|none|normal|false|false|false||1691688805000
64d1e7eb7c9095b184507a45||104.78|94.32|106.78|73.39|524,4,0,1|time|60|-1|17|60.01|0|96.1|false|false|english|none|normal|false|false|false||1691477995000
64d1ccff7c9095b1841fe4fa||105.78|96.21|107.38|70.45|529,2,0,2|time|60|-1|26|60.01|0|122.92|false|false|english|none|normal|false|false|false||1691471103000
64d1b8f37c9095b184f65454||107.58|96.32|110.58|73.41|538,4,0,1|time|60|-1|0|60.01|0|0|false|false|english|none|normal|false|false|false||1691465971000
64d1b89e7c9095b184f65261||95.8|94.21|104|70.59|479,9,1,3|time|60|-1|1|60|0|8.41|false|false|english|none|normal|false|false|false||1691465886000
64cfb7fdeec826fbdc650bd8||105.79|95.43|110.39|70.46|529,7,1,3|time|60|-1|6|60|0|75.86|false|false|english|none|normal|false|false|false||1691334653000
64cfb74eeec826fbdc65064d||107.17|93.09|110.77|72.1|536,8,0,1|time|60|-1|7|60.01|0|49.18|false|false|english|none|normal|false|false|false||1691334478000
64cfb129eec826fbdc5728f3||105.59|94.39|116.39|74.81|528,5,16,0|time|60|-1|12|60.01|0|95.59|false|false|english|none|normal|false|false|false||1691332905000
64cde532eec826fbdccde4d3||113.73|95.88|117.33|76.39|569,2,0,2|time|60|-1|2|60.04|0|7.42|false|false|english|none|normal|false|false|false||1691215154000
64cde4d0eec826fbdccde2a5||121.19|97.31|123.59|80.35|606,0,0,6|time|60|-1|8|60|0|91.3|false|false|english|none|normal|false|false|false||1691215056000
64cc6b6aeec826fbdcea26fa||115.39|96.24|119.39|76.87|577,6,0,1|time|60|-1|1|60|0|2.75|false|false|english|none|normal|false|false|false||1691118442000
64cc6b0eeec826fbdcea24ef||109.79|95.41|115.98|76.52|549,14,1,3|time|60|-1|3|60.01|0|10.43|false|false|english|none|normal|false|false|false||1691118350000
64cc6ab6eec826fbdcea2305||103.39|94.33|108.19|74.29|517,8,0,2|time|60|-1|5|60.01|0|66.31|false|false|english|none|normal|false|false|false||1691118262000
64cbe53feec826fbdce3e04c||105.39|95.68|107.59|68.99|527,4,0,0|time|60|-1|3|60|0|16.26|false|false|english|none|normal|false|false|false||1691084095000
64cbe12eeec826fbdcdced64||113.99|96.2|120.39|82.05|570,13,1,4|time|60|-1|18|60.01|0|199.75|false|false|english|none|normal|false|false|false||1691083054000
64cbdfb5eec826fbdcd6103d||118.59|97.24|120.19|78.38|593,1,0,2|time|60|-1|4|60|0|27.22|false|false|english|none|normal|false|false|false||1691082677000
64cbdf36eec826fbdcd60c4d||113.59|96.53|119.99|81.42|568,10,0,3|time|60|-1|3|60|0|36.39|false|false|english|none|normal|false|false|false||1691082550000
64cbdeb4eec826fbdcd60828||113.19|96.36|118.99|80.48|566,8,1,2|time|60|-1|19|60|0|212.99|false|false|english|none|normal|false|false|false||1691082420000
64cbc90feec826fbdcac6662||110.59|97.07|114.59|72.2|553,6,1,2|time|60|-1|9|60|0|28.35|false|false|english|none|normal|false|false|false||1691076879000
64cbc8a3eec826fbdcac6270||111.78|95.36|119.58|75.34|559,9,4,9|time|60|-1|10|60.01|0|66.89|false|false|english|none|normal|false|false|false||1691076771000
64cbc63eeec826fbdca579b6||109.59|96.24|113.79|74.9|548,6,0,4|time|60|-1|1|60.01|0|2.54|false|false|english|none|normal|false|false|false||1691076158000
64cbc5fbeec826fbdca57714||108.19|94.85|114.19|75.42|541,11,2,3|time|60|-1|2|60.01|0|13.13|false|false|english|none|normal|false|false|false||1691076091000
64cbc59feec826fbdca57397||110.58|97.59|114.18|76.59|553,3,0,2|time|60|-1|7|60.01|0|64.27|false|false|english|none|normal|false|false|false||1691075999000
64c3efc00726bb8041fa499d||111.8|96.79|116.2|76.56|559,4,0,2|time|60|-1|14|60|0|153.25|false|false|english|none|normal|false|false|false||1690562496000
64c3ee560726bb8041fa3d9f||108.6|95.87|113|78.3|543,6,0,2|time|60|-1|19|60|0|156.11|false|false|english|none|normal|false|false|false||1690562134000
64c394240726bb8041472909||111.6|95.29|115.2|76.41|558,4,4,0|time|60|-1|0|60|0|0|false|false|english|none|normal|false|false|false||1690539044000
64c393950726bb8041472542||114.8|97.45|114.8|75.29|574,0,0,0|time|60|-1|1|60|0|2|false|false|english|none|normal|false|false|false||1690538901000
64c393080726bb8041472156||110.18|97.2|111.38|72.1|551,0,1,0|time|60|-1|1|60.01|0|3.54|false|false|english|none|normal|false|false|false||1690538760000
64c392ba0726bb8041471f3c||107.58|95.34|113.78|74.68|538,12,1,1|time|60|-1|8|60.01|0|164.28|false|false|english|none|normal|false|false|false||1690538682000
64c34f2f0726bb8041c48a66||115|96.55|119.2|79.26|575,5,2,2|time|60|-1|16|60|0|96.35|false|false|english|none|normal|false|false|false||1690521391000
64c286d00726bb80413d4683||109.98|96.1|114.38|74.67|550,6,0,2|time|60|-1|6|60.01|0|18.85|false|false|english|none|normal|false|false|false||1690470096000
64c286690726bb804139dfe1||112.58|95.35|117.58|75.12|563,10,1,2|time|60|-1|10|60.01|0|43.95|false|false|english|none|normal|false|false|false||1690469993000
64c2858c0726bb804136759c||115.8|96.72|119.6|77.42|579,6,0,1|time|60|-1|9|60|0|115.35|false|false|english|none|normal|false|false|false||1690469772000
64c267f50726bb8041ff3730||107.8|96.65|110|75.45|539,3,0,0|time|60|-1|4|60|0|44.65|false|false|english|none|normal|false|false|false||1690462197000
64c08a5d0726bb804159d576||103.98|95.33|108.18|73.24|520,7,0,4|time|60|-1|4|60.01|0|16.56|false|false|english|none|normal|false|false|false||1690339933000
64bfe1d7db0197b055c65508||112.6|95.36|118.4|80.91|563,11,1,1|time|60|-1|14|60|0|99.99|false|false|english|none|normal|false|false|false||1690296791000
64bfd4c8db0197b055aacd52||112.78|96.52|117.78|76.85|564,0,4,2|time|60|-1|2|60.01|0|3.9|false|false|english|none|normal|false|false|false||1690293448000
64bf3d881c4eb310316e4a3a||112.78|95.95|114.78|78.14|564,4,0,1|time|60|-1|2|60.01|0|2.85|false|false|english|none|normal|false|false|false||1690254728000
64bf3c9e1c4eb310316e43f0||99.78|94.82|104.98|71.62|499,6,1,2|time|60|-1|6|60.01|0|42.86|false|false|english|none|normal|false|false|false||1690254494000
64bf3c191c4eb310316e404f||105.78|95.89|108.58|73.42|529,5,0,3|time|60|-1|3|60.01|0|36.97|false|false|english|none|normal|false|false|false||1690254361000
64be999b1c4eb31031334c2b||115.18|96.99|117.38|76.76|576,5,0,1|time|60|-1|5|60.01|0|40.05|false|false|english|none|normal|false|false|false||1690212763000
64be98d61c4eb310312c8421||111.16|95.15|116.96|77.34|556,11,1,1|time|60|-1|17|60.02|0|103.3|false|false|english|none|normal|false|false|false||1690212566000
64be98051c4eb310312c7bb0||114.58|97.97|116.58|76.13|573,2,0,1|time|60|-1|5|60.01|0|40.04|false|false|english|none|normal|false|false|false||1690212357000
64be978e1c4eb310312c76b3||105|94.95|111.4|77.47|525,9,1,3|time|60|-1|8|60|0|85.86|false|false|english|none|normal|false|false|false||1690212238000
64bcd505a8e06b256c77dde9||107.6|95.34|111.2|68.93|538,5,1,1|time|60|-1|3|60|0|7.67|false|false|english|none|normal|false|false|false||1690096901000
64bcd48ea8e06b256c77db1f||111|95.73|113.6|74.83|555,5,1,0|time|60|-1|4|60|0|24.47|false|false|english|none|normal|false|false|false||1690096782000
64bcd3bca8e06b256c77d657||105.2|96.37|106.2|72.35|526,0,0,1|time|60|-1|4|60|0|49.64|false|false|english|none|normal|false|false|false||1690096572000
64bcc09fa8e06b256c4eecc7||104.8|93.75|110.6|72.63|524,10,0,0|time|60|-1|2|60|0|19.97|false|false|english|none|normal|false|false|false||1690091679000
64bcc01ea8e06b256c4eea1b||106.8|96.13|110.8|72.67|534,5,0,1|time|60|-1|0|60|0|0|false|false|english|none|normal|false|false|false||1690091550000
64bcbfdea8e06b256c4ee8cd||100.78|95.56|102.38|71.67|504,2,0,0|time|60|-1|3|60.01|0|38.68|false|false|english|none|normal|false|false|false||1690091486000
64bbe09da8e06b256c9aa292||100.98|94.23|105.78|73.04|505,6,0,3|time|60|-1|0|60.01|0|0|false|false|english|none|normal|false|false|false||1690034333000
64bbdf3ca8e06b256c9a98bc||101.58|91.41|111.78|72.19|508,17,4,1|time|60|-1|2|60.01|0|2.63|false|false|english|none|normal|false|false|false||1690033980000
64bbdeeca8e06b256c9a962f||103.4|94.04|110.2|71.92|517,8,2,3|time|60|-1|1|60|0|2.68|false|false|english|none|normal|false|false|false||1690033900000
64bbdd52a8e06b256c93cc6c||109.98|96.45|115.98|76.49|550,5,0,5|time|60|-1|6|60.01|0|40.14|false|false|english|none|normal|false|false|false||1690033490000
64bbdccba8e06b256c93c864||111.38|94.8|118.58|74.09|557,9,1,3|time|60|-1|2|60.01|0|10.69|false|false|english|none|normal|false|false|false||1690033355000
64bbdc5ca8e06b256c93c4e8||111|96.41|113.4|76.79|555,2,0,1|time|60|-1|9|60|0|20.32|false|false|english|none|normal|false|false|false||1690033244000
64bb673ba8e06b256cb2805f||107.58|95.01|112.38|69.4|538,7,0,1|time|60|-1|4|60.01|0|11.9|false|false|english|none|normal|false|false|false||1690003259000
64baa45ba8e06b256c34e64c||100.38|93.76|103.58|70.72|502,8,0,1|time|60|-1|10|60.01|0|121.74|false|false|english|none|normal|false|false|false||1689953371000
64baa10fa8e06b256c34cb2d||105.38|94.85|113.98|71.25|527,10,1,2|time|60|-1|1|60.01|0|28.69|false|false|english|none|normal|false|false|false||1689952527000
64baa08ca8e06b256c2e0a26||117.38|95.7|123.78|77.03|587,13,0,2|time|60|-1|4|60.01|0|30.61|false|false|english|none|normal|false|false|false||1689952396000
64baa002a8e06b256c2e0551||108|95.34|113.6|70.95|540,9,3,1|time|60|-1|4|60|0|21.47|false|false|english|none|normal|false|false|false||1689952258000
64ba9f91a8e06b256c2e01cd||115.98|97.36|119.58|77.66|580,6,0,2|time|60|-1|2|60.01|0|4.16|false|false|english|none|normal|false|false|false||1689952145000
64ba9f3da8e06b256c2dff16||107.8|96.34|111.6|74.32|539,6,0,0|time|60|-1|4|60|0|27.44|false|false|english|none|normal|false|false|false||1689952061000
64ba9ed7a8e06b256c2dfbba||109.78|95.66|114.78|75.91|549,6,0,2|time|60|-1|6|60.01|0|43.77|false|false|english|none|normal|false|false|false||1689951959000
64b955f0a8e06b256cac75b0||107.4|95.48|110.2|72.91|537,4,0,2|time|60|-1|6|60|0|35.73|false|false|english|none|normal|false|false|false||1689867760000
64b9550fa8e06b256cac6979||102|94.62|108|74.76|510,7,2,1|time|60|-1|1|60|0|3.42|false|false|english|none|normal|false|false|false||1689867535000
64b954b9a8e06b256cac64df||107|95.15|112.2|75.02|535,9,1,3|time|60|-1|1|60|0|4.42|false|false|english|none|normal|false|false|false||1689867449000
64b95445a8e06b256cac5f32||107.4|94.67|112.6|73.56|537,7,1,3|time|60|-1|0|60|0|0|false|false|english|none|normal|false|false|false||1689867333000
64b953f9a8e06b256cac5c2f||109|96.84|110.6|70.14|545,2,0,0|time|60|-1|1|60|0|4.86|false|false|english|none|normal|false|false|false||1689867257000
64b95333a8e06b256cac5455||104.58|95.17|108.98|76.04|523,9,0,1|time|60|-1|5|60.01|0|66.86|false|false|english|none|normal|false|false|false||1689867059000
64b8a0b1a8e06b256c500ba0||105.18|96.57|107.38|75.51|526,4,0,3|time|60|-1|9|60.01|0|86.08|false|false|english|none|normal|false|false|false||1689821361000
64b80983a8e06b256c2b21e3||108.2|97.04|112.6|72.06|541,3,2,1|time|60|-1|16|60|0|141.74|false|false|english|none|normal|false|false|false||1689782659000
64b7b391a8e06b256c8039bd||107.2|96.32|111.6|74.08|536,5,1,2|time|60|-1|1|60|0|6.63|false|false|english|none|normal|false|false|false||1689760657000
64b7b349a8e06b256c8037a7||109.38|95.69|112.38|76.14|547,4,1,0|time|60|-1|6|60.01|0|46|false|false|english|none|normal|false|false|false||1689760585000
64b7b269a8e06b256c803135||104|94.32|108|72.69|520,4,1,1|time|60|-1|3|60|0|23.34|false|false|english|none|normal|false|false|false||1689760361000
64b74bf3a8e06b256cbaa4d2||112.58|95.84|118.38|78.17|563,9,3,1|time|60|-1|0|60.01|0|0|false|false|english|none|normal|false|false|false||1689734131000
64b74bb4a8e06b256cbaa366||108.4|96.81|110.6|70.01|542,6,0,1|time|60|-1|5|60|0|60.1|false|false|english|none|normal|false|false|false||1689734068000
64b6c60ba8e06b256cb81e0e||103.58|96.32|106.18|72.04|518,4,1,2|time|60|-1|16|60.01|0|127.56|false|false|english|none|normal|false|false|false||1689699851000
64b6a022a8e06b256c6cdeaf||111.78|97.09|115.18|77.17|559,5,0,2|time|60|-1|9|60.01|0|74.72|false|false|english|none|normal|false|false|false||1689690146000
64b69ab8a8e06b256c5f3bce||104.4|94.2|110.6|76.78|522,10,1,2|time|60|-1|2|60|0|46.36|false|false|english|none|normal|false|false|false||1689688760000
64b66bbca8e06b256c066b33||103.4|94.08|111.6|74.37|517,10,1,5|time|60|-1|0|60|0|0|false|false|english|none|normal|false|false|false||1689676732000
64b66b80a8e06b256c066984||104.4|94.33|108.8|68.85|522,4,5,2|time|60|-1|3|60|0|21.65|false|false|english|none|normal|false|false|false||1689676672000
64b60e82a8e06b256c554e73||108.18|95.68|113.58|76.77|541,10,1,2|time|60|-1|8|60.01|0|70.27|false|false|english|none|normal|false|false|false||1689652866000
64b60cbfa8e06b256c4e8cd4||108.18|96.3|111.98|75.88|541,6,2,6|time|60|-1|1|60.01|0|19.56|false|false|english|none|normal|false|false|false||1689652415000
64b60c69a8e06b256c4e8a68||109.18|96.71|112.58|72.81|546,2,1,1|time|60|-1|1|60.01|0|4.77|false|false|english|none|normal|false|false|false||1689652329000
64b354cf73193c702eab0739||101.8|94.53|106.4|72.2|509,10,0,3|time|60|-1|4|60|0|85.44|false|false|english|none|normal|false|false|false||1689474255000
64b3541073193c702eab0385||112|97.75|114|75.86|560,2,0,1|time|60|-1|9|60|0|160.45|false|false|english|none|normal|false|false|false||1689474064000
64b266dd73193c702ede3ad0||111.4|95.79|117.6|74.33|557,12,1,1|time|60|-1|1|60|0|22.08|false|false|english|none|normal|false|false|false||1689413341000
64b2664973193c702ede374e||114.58|95.77|121.78|77.69|573,12,2,5|time|60|-1|8|60.01|0|44.77|false|false|english|none|normal|false|false|false||1689413193000
64b2657c73193c702ede3266||104.4|92.47|113|73.88|522,15,2,3|time|60|-1|5|60|0|83.25|false|false|english|none|normal|false|false|false||1689412988000
64b264c773193c702ede2dd8||106.18|96.09|108.78|71.62|531,4,0,1|time|60|-1|10|60.01|0|90.37|false|false|english|none|normal|false|false|false||1689412807000
64b224f673193c702e642b9b||111.38|95.06|118.98|77.1|557,11,1,4|time|60|-1|1|60.01|0|0.65|false|false|english|none|normal|false|false|false||1689396470000
64b2249673193c702e642977||106.18|94.56|115.38|77.82|531,13,2,3|time|60|-1|12|60.01|0|179.91|false|false|english|none|normal|false|false|false||1689396374000
64b2076e73193c702e27455f||111.18|96.41|115.18|76.49|556,7,1,2|time|60|-1|5|60.01|0|46.87|false|false|english|none|normal|false|false|false||1689388910000
64b206cb73193c702e274213||114.38|96.23|120.18|79.04|572,5,4,7|time|60|-1|4|60.01|0|55.09|false|false|english|none|normal|false|false|false||1689388747000
64b2061e73193c702e273eb7||111.38|96.28|115.18|71.66|557,5,1,2|time|60|-1|0|60.01|0|0|false|false|english|none|normal|false|false|false||1689388574000
64b1671e73193c702ef648e8||98.6|94.26|105.2|75.41|493,10,1,2|time|60|-1|9|60|0|118.47|false|false|english|none|normal|false|false|false||1689347870000
64b14a2073193c702eb90d8b||107.6|96.32|111|76.04|538,4,1,1|time|60|-1|4|60|0|28.56|false|false|english|none|normal|false|false|false||1689340448000
64b135af73193c702e96fd48||106.98|94.11|113.38|74.03|535,13,6,3|time|60|-1|4|60.01|0|28.76|false|false|english|none|normal|false|false|false||1689335215000
64b1348073193c702e904412||100.8|93.77|108.6|75.04|504,12,0,5|time|60|-1|6|60|0|28.11|false|false|english|none|normal|false|false|false||1689334912000
64b118a473193c702e59f82d||105.38|93.77|116.98|75.56|527,14,5,3|time|60|-1|0|60.01|0|0|false|false|english|none|normal|false|false|false||1689327780000
64b1167873193c702e59e9ac||108.4|93.65|115.2|73.21|542,8,2,6|time|60|-1|2|60|0|14.01|false|false|english|none|normal|false|false|false||1689327224000
64b1158173193c702e533297||105.2|94.02|111.6|73.15|526,15,1,8|time|60|-1|6|60|0|24.49|false|false|english|none|normal|false|false|false||1689326977000
64b114f673193c702e532ebc||104.98|93.54|114.98|75.72|525,13,6,4|time|60|-1|15|60.01|0|134.66|false|false|english|none|normal|false|false|false||1689326838000
64b10bce73193c702e45905a||113.8|94.99|120.6|73.6|569,11,1,3|time|60|-1|2|60|0|3.77|false|false|english|none|normal|false|false|false||1689324494000
64b10ab273193c702e3ed810||110.96|95.32|117.96|76.69|555,11,2,4|time|60|-1|0|60.02|0|0|false|false|english|none|normal|false|false|false||1689324210000
64b10a6073193c702e3ed5df||110.4|96.62|116.6|79.54|552,7,1,3|time|60|-1|2|60|0|6.33|false|false|english|none|normal|false|false|false||1689324128000
64b10a0773193c702e3ed384||103.2|94.4|111|74.8|516,11,0,3|time|60|-1|2|60|0|27.41|false|false|english|none|normal|false|false|false||1689324039000
64aba46d73193c702ed964fd||103.2|94.51|109.4|69.7|516,7,1,3|time|60|-1|3|60|0|22.34|false|false|english|none|normal|false|false|false||1688970349000
64aba40a73193c702ed96263||113|95.11|120.6|76.78|565,11,1,5|time|60|-1|1|60|0|0.89|false|false|english|none|normal|false|false|false||1688970250000
648f0dd6356638d49bf25191||105.38|92.62|120.98|82.85|527,19,9,3|time|60|-1|5|60.01|0|16.92|false|false|english|none|normal|false|false|false||1687096790000
647f512c91a4a812e4a6d7a9||108.38|94.05|119.18|73.25|542,17,0,11|time|60|-1|0|60.01|0|0|false|false|english|none|normal|false|false|false||1686065452000
647e115691a4a812e45355ea||101.78|94.55|112.38|74.42|509,15,0,3|time|60|-1|0|60.01|0|0|false|false|english|none|normal|false|false|false||1685983574000
647e111791a4a812e4501be1||103.78|92.8|116.38|68.36|519,17,2,7|time|60|-1|0|60.01|0|0|false|false|english|none|normal|false|false|false||1685983511000
647ad4e3a0a6beb4929ea11d||107.18|95.11|116.18|75.14|536,4,7,3|time|60|-1|0|60.01|0|0|false|false|english|none|normal|false|false|false||1685771491000
647ad4a5a0a6beb4929e9f84||104.97|95.54|108.16|75.05|525,4,1,1|time|60|-1|3|60.02|0|20.91|false|false|english|none|normal|false|false|false||1685771429000
647aca3ca0a6beb4928b1b78||105.8|93.75|116.6|80.73|529,19,1,5|time|60|-1|0|60|0|0|false|false|english|none|normal|false|false|false||1685768764000
647ac9f7a0a6beb4928b19cb||112.38|95.67|117.58|77.2|562,4,5,1|time|60|-1|3|60.01|0|54.49|false|false|english|none|normal|false|false|false||1685768695000
647ac900a0a6beb4928b13c2||113.38|96.88|120.78|79.04|567,8,1,1|time|60|-1|2|60.01|0|13.83|false|false|english|none|normal|false|false|false||1685768448000
647985ac0170c3dfdcd0fae4||105.18|92.23|116.18|70.72|526,23,2,8|time|60|-1|13|60.01|0|57.42|false|false|english|none|normal|false|false|false||1685685676000
647737450170c3dfdc8a77ae||105.38|93|112.78|75.18|527,12,2,6|time|60|-1|2|60.01|0|48.91|false|false|english|none|normal|false|false|false||1685534533000
6476d4040170c3dfdcce11b6||110.98|93.92|122.78|75.95|555,18,0,6|time|60|-1|3|60.01|0|6.4|false|false|english|none|normal|false|false|false||1685509124000
64760f710170c3dfdc61de3c||117.18|95.32|126.58|77.88|586,15,0,3|time|60|-1|3|60.01|0|12.94|false|false|english|none|normal|false|false|false||1685458800000
64760f0d0170c3dfdc61d97d||112.58|95.67|117.18|71.25|563,7,0,5|time|60|-1|3|60.01|0|9.98|false|false|english|none|normal|false|false|false||1685458701000
64760e790170c3dfdc61d21d||111.8|95.85|118.8|74.79|559,9,2,1|time|60|-1|9|60|0|110.32|false|false|english|none|normal|false|false|false||1685458553000
64760d8e0170c3dfdc61c758||112.2|94.51|120.4|72.79|561,12,3,1|time|60|-1|2|60|0|5.37|false|false|english|none|normal|false|false|false||1685458318000
647374bdc7b2e74af03d6677||113.78|94.38|122.18|76.87|569,14,2,4|time|60|-1|0|60.01|0|0|false|false|english|none|normal|false|false|false||1685288125000
64737476c7b2e74af03d6415||112|94.13|119.2|74.6|560,12,2,3|time|60|-1|1|60|0|0.03|false|false|english|none|normal|false|false|false||1685288054000
6472d06ac7b2e74af00d7284||107.18|93.51|116.98|79.91|536,13,1,3|time|60|-1|1|60.01|0|10.63|false|false|english|none|normal|false|false|false||1685246058000
6472d01cc7b2e74af00d70ee||107.18|94.02|118.58|73.07|536,15,3,3|time|60|-1|2|60.01|0|38.75|false|false|english|none|normal|false|false|false||1685245980000
6472cf92c7b2e74af00d6e53||96.38|91.82|106.38|69.07|482,17,2,2|time|60|-1|0|60.01|0|0|false|false|english|none|normal|false|false|false||1685245842000
6472cf4ac7b2e74af00d6cef||103.2|93|115|74.83|516,16,4,4|time|60|-1|3|60|0|44.96|false|false|english|none|normal|false|false|false||1685245770000
647224bfc7b2e74af0d16a7f||110.8|97.32|117.6|72.26|554,2,1,4|time|60|-1|9|60|0|53.19|false|false|english|none|normal|false|false|false||1685202108000
6472240bc7b2e74af0d164c0||111.6|96|119|79.1|558,11,0,7|time|60|-1|13|60|0|93|false|false|english|none|normal|false|false|false||1685201931000
6472231ac7b2e74af0d15cc7||117.4|96.33|123.8|78.33|587,10,0,3|time|60|-1|10|60|0|55.81|false|false|english|none|normal|false|false|false||1685201690000
6471f974c7b2e74af083a0fe||102.38|94.08|111.98|72.13|512,10,2,3|time|60|-1|0|60.01|0|0|false|false|english|none|normal|false|false|false||1685191028000
6471f932c7b2e74af0839f5f||107.38|93.43|114.98|75.77|537,15,0,4|time|60|-1|3|60.01|0|37.28|false|false|english|none|normal|false|false|false||1685190962000
6471f854c7b2e74af083999e||100.4|93.08|113|70.89|502,15,2,3|time|60|-1|11|60|0|74.48|false|false|english|none|normal|false|false|false||1685190740000
6470d3e0c7b2e74af065489c||104.6|94.16|113.2|71.19|523,12,0,0|time|60|-1|6|60|0|106.42|false|false|english|none|normal|false|false|false||1685115872000
6470c44fc7b2e74af04b2dce||107.4|94.25|114.8|71.54|537,10,5,1|time|60|-1|4|60|0|58.27|false|false|english|none|normal|false|false|false||1685111887000
646cebdcc7b2e74af0395d0a||114.58|96.25|120.18|76.04|573,8,0,1|time|60|-1|6|60.01|0|98.45|false|false|english|none|normal|false|false|false||1684859868000
646ce668c7b2e74af02c6c29||102.58|94.4|111.78|72.97|513,12,1,3|time|60|-1|15|60.01|0|75.26|false|false|english|none|normal|false|false|false||1684858471000
646a64cac7b2e74af097b6f4||108.98|94.71|119.18|77.51|545,13,2,1|time|60|-1|0|60.01|0|0|false|false|english|none|normal|false|false|false||1684694218000
646a6483c7b2e74af097b4f5||107.98|94.39|118.58|74.91|540,11,1,5|time|60|-1|13|60.01|0|80.12|false|false|english|none|normal|false|false|false||1684694147000
6469ab18c7b2e74af04387cc||107.18|95.62|116.58|79.26|536,8,2,2|time|60|-1|9|60.01|0|105.91|false|false|english|none|normal|false|false|false||1684646680000
6469aa04c7b2e74af04381dc||114.78|97.03|119.18|74.47|574,4,0,1|time|60|-1|13|60.01|0|131.85|false|false|english|none|normal|false|false|false||1684646404000
6469a8d6c7b2e74af0405371||114.18|94.79|125.58|76.67|571,16,2,3|time|60|-1|3|60.01|0|5.79|false|false|english|none|normal|false|false|false||1684646102000
6469a882c7b2e74af03d285f||105|95.3|112.4|75.58|525,8,1,3|time|60|-1|11|60|0|123.71|false|false|english|none|normal|false|false|false||1684646018000
6468e827c7b2e74af0e3a3a8||103.8|92.2|115.2|74|519,20,4,2|time|60|-1|4|60|0|7.8|false|false|english|none|normal|false|false|false||1684596775000
6468e7cac7b2e74af0e3a09a||112.18|96.78|114.98|71.89|561,4,0,1|time|60|-1|2|60.01|0|5.18|false|false|english|none|normal|false|false|false||1684596682000
6468e775c7b2e74af0e07668||103.2|94.95|108|71.15|516,8,1,0|time|60|-1|5|60|0|87.1|false|false|english|none|normal|false|false|false||1684596597000
6468e4f7c7b2e74af0dd3861||105.2|93.06|116.4|72.02|526,22,2,3|time|60|-1|23|60|0|166.26|false|false|english|none|normal|false|false|false||1684595959000
64679577c7b2e74af075b570||109.58|93.81|115.58|72.65|548,10,1,3|time|60|-1|14|60.01|0|104.77|false|false|english|none|normal|false|false|false||1684510071000
64679465c7b2e74af075a743||113.6|94.23|122|76.43|568,13,1,5|time|60|-1|19|60|0|112.59|false|false|english|none|normal|false|false|false||1684509797000
64677d81c7b2e74af04ea7e3||107.98|93.51|117.38|73.18|540,15,1,1|time|60|-1|5|60.01|0|69.16|false|false|english|none|normal|false|false|false||1684503937000
64677cdac7b2e74af048514e||109.98|93.96|119.98|73.01|550,15,1,3|time|60|-1|4|60.01|0|27.55|false|false|english|none|normal|false|false|false||1684503770000
64666753c7b2e74af04df428||111.58|95.57|118.98|72.67|558,6,3,1|time|60|-1|4|60.01|0|84.34|false|false|english|none|normal|false|false|false||1684432723000
64659f7fc7b2e74af0e5f446||113|98.45|114.8|73.93|565,2,0,1|time|60|-1|9|60|0|50.72|false|false|english|none|normal|false|false|false||1684381567000
64659e59c7b2e74af0dfa1af||106.18|93.96|112.58|71.26|531,14,2,2|time|60|-1|4|60.01|0|61.81|false|false|english|none|normal|false|false|false||1684381273000
64659dafc7b2e74af0df9d34||104|94.66|114.8|73.38|520,10,7,2|time|60|-1|7|60|0|113.71|false|false|english|none|normal|false|false|false||1684381103000
64637aa66d0f2738e335b82d||102.4|93.27|107.6|72.22|512,8,1,1|time|60|-1|10|60|0|124.69|false|false|english|none|normal|false|false|false||1684241062000
6463104e6d0f2738e376138f||117.78|95.69|122.78|74.96|589,6,3,3|time|60|-1|6|60.01|0|32.59|false|false|english|none|normal|false|false|false||1684213838000
64630f966d0f2738e3760ed8||115|95.92|119.8|73.31|575,5,4,1|time|60|-1|9|60|0|78.8|false|false|english|none|normal|false|false|false||1684213654000
64630c5e6d0f2738e36fb05c||119.2|95.63|127|78.64|596,16,1,3|time|60|-1|8|60|0|90.28|false|false|english|none|normal|false|false|false||1684212830000
646303d66d0f2738e362e776||115.18|96.23|119.38|77.7|576,8,0,1|time|60|-1|7|60.01|0|41.57|false|false|english|none|normal|false|false|false||1684210646000
646267ac6d0f2738e34373bd||106.56|95.89|108.76|74.79|533,5,1,3|time|60|-1|6|60.02|0|86|false|false|english|none|normal|false|false|false||1684170668000
646266ec6d0f2738e3436903||107.98|95.52|113.18|72.39|540,9,1,0|time|60|-1|6|60.01|0|49.3|false|false|english|none|normal|false|false|false||1684170476000
6460d5926d0f2738e36c3cbb||107.78|95.8|110.78|72.57|539,4,0,2|time|60|-1|7|60.01|0|64.68|false|false|english|none|normal|false|false|false||1684067730000
6460d4c36d0f2738e36c3601||114.4|95.73|120.4|79.98|572,13,1,2|time|60|-1|14|60|0|55.37|false|false|english|none|normal|false|false|false||1684067523000
645f80bc6d0f2738e3049704||109|95.95|117|73.81|545,9,0,3|time|60|-1|0|60|0|0|false|false|english|none|normal|false|false|false||1683980476000
645f80696d0f2738e30494b7||117.18|95.16|126.18|77.57|586,14,1,2|time|60|-1|24|60.01|0|234.86|false|false|english|none|normal|false|false|false||1683980393000
645e836b6d0f2738e33c01d8||106.98|95.84|112.98|75.1|535,7,1,1|time|60|-1|3|60.01|0|54.55|false|false|english|none|normal|false|false|false||1683915627000
645e82ef6d0f2738e33bfabb||108.38|96.04|115.78|73.3|542,11,3,2|time|60|-1|2|60.01|0|10.86|false|false|english|none|normal|false|false|false||1683915503000
645e82a26d0f2738e33bf655||100.2|94.91|107.6|66.61|501,10,0,6|time|60|-1|0|60|0|0|false|false|english|none|normal|false|false|false||1683915426000
645e825f6d0f2738e33bf25d||103.78|94.39|109.58|73.27|519,7,1,3|time|60|-1|2|60.01|0|11.27|false|false|english|none|normal|false|false|false||1683915359000
645e81e46d0f2738e335ab9c||94.78|92.49|107.18|70.4|474,16,3,9|time|60|-1|17|60.01|0|150.94|false|false|english|none|normal|false|false|false||1683915236000
645e695e6d0f2738e308a364||109.58|94.63|120.38|79.01|548,10,2,5|time|60|-1|2|60.01|0|9.23|false|false|english|none|normal|false|false|false||1683908958000
645e68ed6d0f2738e3089d0c||110.78|95.36|119.18|80.31|554,14,1,3|time|60|-1|6|60.01|0|22.98|false|false|english|none|normal|false|false|false||1683908845000
645e648e6d0f2738e3021e07||115.58|97.19|118.98|72.02|578,4,0,1|time|60|-1|4|60.01|0|13.58|false|false|english|none|normal|false|false|false||1683907726000
645dc8536d0f2738e3e9b3b4||111.6|93.98|121.6|74.15|558,19,2,5|time|60|-1|0|60|0|0|false|false|english|none|normal|false|false|false||1683867731000
645dc8026d0f2738e3e9b163||107.98|94.62|116.98|72.06|540,11,3,3|time|60|-1|6|60.01|0|38.16|false|false|english|none|normal|false|false|false||1683867650000
645dc7896d0f2738e3e36f54||107.6|93.17|117.6|76.41|538,11,10,2|time|60|-1|15|60|0|102.67|false|false|english|none|normal|false|false|false||1683867529000
645db86f6d0f2738e3ca0b7b||107.98|93.53|118.38|76.85|540,18,2,5|time|60|-1|6|60.01|0|38.27|false|false|english|none|normal|false|false|false||1683863663000
645db7496d0f2738e3ca02df||115.78|96.89|119.98|72.43|579,5,1,1|time|60|-1|4|60.01|0|16.68|false|false|english|none|normal|false|false|false||1683863369000
645db6d06d0f2738e3c9ff5f||113.58|96.3|116.78|77.97|568,8,3,0|time|60|-1|1|60.01|0|10.9|false|false|english|none|normal|false|false|false||1683863248000
645db6836d0f2738e3c9fd3f||113.38|95.85|117.78|74.85|567,7,0,4|time|60|-1|4|60.01|0|12.04|false|false|english|none|normal|false|false|false||1683863171000
645db5ef6d0f2738e3c3baa2||109.58|94.1|121.18|73.54|548,21,1,7|time|60|-1|3|60.01|0|12.98|false|false|english|none|normal|false|false|false||1683863023000
645c75466d0f2738e3804279||91.98|92.21|106.18|71.73|460,11,12,2|time|60|-1|24|60.01|0|149.77|false|false|english|none|normal|false|false|false||1683780934000
645c74366d0f2738e3803a8b||93|95.76|96.6|68.12|465,3,4,0|time|60|-1|1|60|0|3.07|false|false|english|none|normal|false|false|false||1683780662000
645c709a6d0f2738e379e312||97.4|92.28|111.8|72.45|487,19,3,2|time|60|-1|10|60|0|108.36|false|false|english|none|normal|false|false|false||1683779738000
6459c8db8723e138c40bcd5e||111.2|95.87|120|74.78|556,10,1,2|time|60|-1|42|60|0|273.27|false|false|english|none|normal|false|false|false||1683605723000
6459c0c78723e138c4f8e92f||106.2|93.85|117.6|73.01|531,18,0,1|time|60|-1|16|60|0|161.19|false|false|english|none|normal|false|false|false||1683603655000
6459bf758723e138c4f8df77||104.18|96.43|110.98|76.5|521,9,0,3|time|60|-1|16|60.01|0|115.16|false|false|english|none|normal|false|false|false||1683603317000
645918e38723e138c4c86ab5||105.4|94.98|113.8|75.51|527,11,2,2|time|60|-1|22|60|0|164.62|false|false|english|none|normal|false|false|false||1683560675000
6459178c8723e138c4c85661||113.78|95.81|122.98|82.1|569,15,0,5|time|60|-1|23|60.01|0|127.36|false|false|english|none|normal|false|false|false||1683560332000
645916978723e138c4c848b6||108.18|97.03|112.98|71.18|541,6,0,5|time|60|-1|7|60.01|0|54.61|false|false|english|none|normal|false|false|false||1683560087000
6457480e8723e138c486e81d||112.4|96.46|116.6|76.7|562,6,1,2|time|60|-1|2|60|0|9.3|false|false|english|none|normal|false|false|false||1683441678000
645747b88723e138c486e5df||109.98|97.23|113.78|72.48|550,6,1,0|time|60|-1|4|60.01|0|27.63|false|false|english|none|normal|false|false|false||1683441592000
645747488723e138c486e327||107.98|96.01|112.98|73.35|540,9,0,3|time|60|-1|8|60.01|0|72.74|false|false|english|none|normal|false|false|false||1683441480000
645746048723e138c486db5a||109.4|95.97|110.6|71.13|547,3,1,0|time|60|-1|38|60|0|242.16|false|false|english|none|normal|false|false|false||1683441156000
645649788723e138c4c20a44||108.58|95.03|114.58|74.15|543,12,2,7|time|60|-1|40|60.01|0|285.49|false|false|english|none|normal|false|false|false||1683376504000
645646c18723e138c4bbc3a2||113.18|96.33|116.98|74.97|566,4,1,0|time|60|-1|9|60.01|0|91.98|false|false|english|none|normal|false|false|false||1683375809000
645645fb8723e138c4bbbdef||118.58|96.49|123.98|78.64|593,9,2,1|time|60|-1|9|60.01|0|53.26|false|false|english|none|normal|false|false|false||1683375611000
6454f43f8723e138c45e1a71||114.8|95.8|121|75.96|574,11,0,1|time|60|-1|6|60|0|58.04|false|false|english|none|normal|false|false|false||1683289151000
6454f36d8723e138c45e1219||110.6|95.62|115.6|71.81|553,4,3,1|time|60|-1|11|60|0|121.51|false|false|english|none|normal|false|false|false||1683288941000
6454f2418723e138c457d5d1||109.18|95.03|113.18|73.88|546,7,1,1|time|60|-1|26|60.01|0|207.35|false|false|english|none|normal|false|false|false||1683288641000
6454f0c18723e138c457c707||116.8|96.61|122|77.96|584,7,1,1|time|60|-1|25|60|0|146.58|false|false|english|none|normal|false|false|false||1683288257000
6454d0c68723e138c41f1b67||118.38|97.44|123.58|77.57|592,6,1,0|time|60|-1|15|60.01|0|188.11|false|false|english|none|normal|false|false|false||1683280070000
6454cf518723e138c418e094||109|96.05|113.6|72.07|545,6,0,1|time|60|-1|5|60|0|64.37|false|false|english|none|normal|false|false|false||1683279697000
6454ceb98723e138c418dc32||104.58|93.97|112.38|69.63|523,11,1,3|time|60|-1|14|60.01|0|119.54|false|false|english|none|normal|false|false|false||1683279545000
6454a4258723e138c4cd60c3||112.58|97.01|118.38|78.4|563,5,0,1|time|60|-1|5|60.01|0|49.51|false|false|english|none|normal|false|false|false||1683268645000
6454a3a48723e138c4cd5cd9||112|96.13|115.8|72.79|560,6,0,0|time|60|-1|0|60|0|0|false|false|english|none|normal|false|false|false||1683268516000
6454a3488723e138c4cd5a3f||109.78|95.25|114.78|74.13|549,8,1,2|time|60|-1|3|60.01|0|20.17|false|false|english|none|normal|false|false|false||1683268424000
6454a2ec8723e138c4cd5783||112.6|96.76|114.4|70.97|563,4,0,1|time|60|-1|2|60|0|7.75|false|false|english|none|normal|false|false|false||1683268332000
6454a1298723e138c4c71ad2||110.8|96.24|114.2|79.1|554,5,1,0|time|60|-1|9|60|0|51.55|false|false|english|none|normal|false|false|false||1683267881000
645354de8723e138c475ceda||106.18|97.29|108.98|73.67|531,3,1,2|time|60|-1|10|60.01|0|116.97|false|false|english|none|normal|false|false|false||1683182814000
645353e08723e138c46f9a81||110.38|96.86|112.38|73.88|552,4,0,1|time|60|-1|15|60.01|0|185.85|false|false|english|none|normal|false|false|false||1683182560000
645276fb8723e138c4e8f7ea||109.98|95.56|113.38|72.89|550,7,1,2|time|60|-1|10|60.01|0|68.09|false|false|english|none|normal|false|false|false||1683126011000
645276378723e138c4e2c06f||113.98|97.61|115.38|76.99|570,4,0,1|time|60|-1|45|60.01|0|326.93|false|false|english|none|normal|false|false|false||1683125815000
6451223e8b42543b37956567||109.4|95.98|110.8|72.89|547,0,4,0|time|60|-1|19|60|0|206.3|false|false|english|none|normal|false|false|false||1683038782000
6451180a8b42543b37825b87||116.6|98.49|118.2|77.13|583,3,0,2|time|60|-1|13|60|0|107.12|false|false|english|none|normal|false|false|false||1683036170000
6451150a8b42543b377c09a8||118.8|98.37|122.4|78.95|594,4,0,1|time|60|-1|5|60|0|46.47|false|false|english|none|normal|false|false|false||1683035402000
64510e6c8b42543b376f6049||116|98|118.4|77.2|580,2,1,0|time|60|-1|11|60|0|67.24|false|false|english|none|normal|false|false|false||1683033708000
64510dbd8b42543b376f57c2||112.58|96.59|113.78|78.49|563,2,1,0|time|60|-1|8|60.01|0|111.34|false|false|english|none|normal|false|false|false||1683033533000
644f95678b42543b37cf30d2||112.4|96.3|116|74.74|562,7,0,2|time|60|-1|6|60|0|47.21|false|false|english|none|normal|false|false|false||1682937191000
644f93eb8b42543b37c8fedc||118.38|97.24|121.58|74.03|592,6,1,1|time|60|-1|7|60.01|0|16.42|false|false|english|none|normal|false|false|false||1682936811000
644f938a8b42543b37c8fc4f||107.98|94.91|114.78|75.43|540,10,1,0|time|60|-1|2|60.01|0|22.46|false|false|english|none|normal|false|false|false||1682936714000
644f657b8b42543b3777c5ff||119.8|97.29|124|82.23|599,6,1,0|time|60|-1|0|60|0|0|false|false|english|none|normal|false|false|false||1682924923000
644f65398b42543b3777c439||111.2|96.9|114.8|78.08|556,9,0,3|time|60|-1|7|60|0|37.56|false|false|english|none|normal|false|false|false||1682924857000
644f64908b42543b3777bff8||108.18|96.53|112.58|74.05|541,3,2,1|time|60|-1|3|60.01|0|37.35|false|false|english|none|normal|false|false|false||1682924688000
644f64108b42543b3777bcd5||97.4|93.55|105|72.9|487,11,1,3|time|60|-1|6|60|0|24.95|false|false|english|none|normal|false|false|false||1682924560000
644f63b38b42543b3777ba47||104.98|95.55|108.78|72.16|525,5,1,1|time|60|-1|3|60.01|0|10.9|false|false|english|none|normal|false|false|false||1682924467000
644dff7b8b42543b37fb4aaa||107.58|96.83|111.38|74.31|538,4,0,1|time|60|-1|10|60.01|0|40.66|false|false|english|none|normal|false|false|false||1682833275000
644dfe798b42543b37fb44b7||110.98|96.25|113.98|76.11|555,4,1,0|time|60|-1|11|60.01|0|56.48|false|false|english|none|normal|false|false|false||1682833017000
644d0b778b42543b374da847||107.76|95.28|110.36|71.12|539,5,0,1|time|60|-1|28|60.02|0|142.82|false|false|english|none|normal|false|false|false||1682770807000
644cdb648b42543b37f6892f||110.2|95.48|116.6|75.35|551,12,0,1|time|60|-1|9|60|0|114.65|false|false|english|none|normal|false|false|false||1682758500000
644cda288b42543b37f681e4||108.58|95.93|115.98|76.66|543,10,1,2|time|60|-1|9|60.01|0|61.42|false|false|english|none|normal|false|false|false||1682758184000
644cd9968b42543b37f67e60||112.98|95.6|121.18|81.94|565,12,1,3|time|60|-1|14|60.01|0|102.45|false|false|english|none|normal|false|false|false||1682758038000
644cd8ba8b42543b37f05629||104.8|92.94|114.2|73.77|524,22,1,4|time|60|-1|34|60|0|187.61|false|false|english|none|normal|false|false|false||1682757818000
644caeba8b42543b37a5be04||113.38|96.67|116.78|73.73|567,2,0,2|time|60|-1|24|60.01|0|171.78|false|false|english|none|normal|false|false|false||1682747066000
644ca0d48b42543b379302d2||88.79|88.71|109.78|66.44|444,33,4,10|time|60|-1|3|60.01|0|5.89|false|false|english|none|normal|false|true|false||1682743508000
644ca0718b42543b378cdda5||109.78|95.83|118.78|79.02|549,12,0,3|time|60|-1|16|60.01|0|89.72|false|false|english|none|normal|false|false|false||1682743409000
644c05de8b42543b377ad0de||117.2|97.23|121.6|79.47|586,7,0,1|time|60|-1|6|60|0|43.65|false|false|english|none|normal|false|false|false||1682703838000
644ba17f8b42543b37cab440||118.38|96.38|124.98|78.85|592,8,1,1|time|60|-1|0|60.01|0|0|false|false|english|none|normal|false|false|false||1682678143000
644a739f8b42543b37b1a5fb||112.4|95.72|119|76.89|562,8,1,1|time|60|-1|20|60|0|146.65|false|false|english|none|normal|false|false|false||1682600863000
644a266e8b42543b372893b2||115.16|96.22|119.36|79.74|576,7,1,2|time|60|-1|5|60.02|0|11.98|false|false|english|none|normal|false|false|false||1682581102000
6449daf18b42543b37a61240||107.98|95.96|111.58|73.34|540,8,0,2|time|60|-1|14|60.01|0|166.7|false|false|english|none|normal|false|false|false||1682561777000
6449d9d78b42543b379fec7d||114.6|97.32|115.8|70.6|573,2,0,0|time|60|-1|0|60|0|0|false|false|english|none|normal|false|false|false||1682561495000
644809e68b42543b37696765||110.96|96.9|113.16|75.75|555,2,1,0|time|60|-1|9|60.02|0|28.32|false|false|english|none|normal|false|false|false||1682442726000
644808698b42543b37695394||101.18|93.16|109.98|68.51|506,13,1,2|time|60|-1|11|60.01|0|57.27|false|false|english|none|normal|false|false|false||1682442345000
644807ae8b42543b376949ca||107.4|93.76|114|75.14|537,10,1,3|time|60|-1|14|60|0|64.81|false|false|english|none|normal|false|false|false||1682442158000
6447d13d8b42543b3704dcce||106|94.92|110.6|70.56|530,8,0,1|time|60|-1|4|60|0|64.05|false|false|english|none|normal|false|false|false||1682428221000
6447cfef8b42543b3704cdce||108.8|94.41|117.8|74.24|544,10,0,4|time|60|-1|9|60|0|86.33|false|false|english|none|normal|false|false|false||1682427887000
6447cee58b42543b3704c264||110.58|95.1|120.38|78.54|553,13,0,1|time|60|-1|11|60.01|0|177.55|false|false|english|none|normal|false|false|false||1682427621000
6447c2b18b42543b37ebdca4||112.78|95.82|116.78|75.29|564,4,4,0|time|60|-1|3|60.01|0|91.43|false|false|english|none|normal|false|false|false||1682424497000
64475f388b42543b373e28fd||105|94.76|109.6|72.68|525,6,0,2|time|60|-1|1|60|0|7.27|false|false|english|none|normal|false|false|false||1682399032000
64475ed28b42543b373e2648||106|95.62|111.2|78.51|530,6,1,1|time|60|-1|5|60|0|118.05|false|false|english|none|normal|false|false|false||1682398930000
64469837e695bdeb269aa41e||105.58|94.47|110.18|73.93|528,8,1,3|time|60|-1|14|60.01|0|66.95|false|false|english|none|normal|false|false|false||1682348087000
6446975de695bdeb269a9952||109.18|95.7|112.58|75.67|546,5,1,2|time|60|-1|13|60.01|0|120.33|false|false|english|none|normal|false|false|false||1682347869000
64469571e695bdeb2694683f||109.38|95.7|117.78|76.23|547,9,0,5|time|60|-1|10|60.01|0|78.25|false|false|english|none|normal|false|false|false||1682347377000
64469470e695bdeb26945baa||99.18|94.14|104.18|68.43|496,4,0,3|time|60|-1|2|60.01|0|21.04|false|false|english|none|normal|false|false|false||1682347120000
64466a25e695bdeb26495603||109.78|96.34|112.18|76.6|549,6,0,1|time|60|-1|18|60.01|0|160.4|false|false|english|none|normal|false|false|false||1682336293000
64462d43e695bdeb26e005c7||108.78|95.36|112.38|73.5|544,4,1,1|time|60|-1|0|60.01|0|0|false|false|english|none|normal|false|false|false||1682320707000
64460536e695bdeb2695df92||106.98|95.26|109.98|71.79|535,6,0,4|time|60|-1|4|60.01|0|53.47|false|false|english|none|normal|false|false|false||1682310454000
6445f2dee695bdeb2676f226||109.38|96.39|112.38|76.02|547,2,0,2|time|60|-1|5|60.01|0|64.64|false|false|english|none|normal|false|false|false||1682305758000
6445f108e695bdeb2676e699||109.78|96.26|112.38|72.32|549,0,0,5|time|60|-1|6|60.01|0|48.76|false|false|english|none|normal|false|false|false||1682305288000
6445efb6e695bdeb2670c63a||113.18|96.65|117.18|76.9|566,4,3,0|time|60|-1|5|60.01|0|21.6|false|false|english|none|normal|false|false|false||1682304950000
6445165de695bdeb26f1704a||101.38|97|104.98|76.38|507,2,4,0|time|60|-1|7|60.01|0|51.11|false|false|english|none|normal|false|false|false||1682249309000
6444f3e4e695bdeb26b9d038||104.37|94.61|110.76|70.84|522,7,0,6|time|60|-1|14|60.02|0|140.75|false|false|english|none|normal|false|false|false||1682240484000
6444cae7e695bdeb266fd744||111.58|95.52|118.58|78.24|558,10,1,2|time|60|-1|4|60.01|0|5.42|false|false|english|none|normal|false|false|false||1682229991000
6444ca89e695bdeb266fd568||112.38|95.6|119.98|77.39|562,11,1,2|time|60|-1|3|60.01|0|8.84|false|false|english|none|normal|false|false|false||1682229897000
6444c8cde695bdeb2669b521||120.4|98.24|123|79.97|602,0,0,3|time|60|-1|2|60|0|4.3|false|false|english|none|normal|false|false|false||1682229453000
6444c865e695bdeb2669b2da||109.98|93.91|119.58|74.24|550,17,2,2|time|60|-1|1|60.01|0|7.92|false|false|english|none|normal|false|false|false||1682229349000
6444c80fe695bdeb2669b0d5||108.8|97.38|112.2|75.52|544,2,1,2|time|60|-1|10|60|0|24.78|false|false|english|none|normal|false|false|false||1682229263000
6443ed98e695bdeb26eb600f||110|95.21|120|79.57|550,16,1,3|time|60|-1|14|60|0|54.92|false|false|english|none|normal|false|false|false||1682173336000
6443ed07e695bdeb26eb5c24||111.18|95.36|118.58|77.65|556,6,6,3|time|60|-1|8|60.01|0|89.88|false|false|english|none|normal|false|false|false||1682173191000
6443df40e695bdeb26d2a1e2||112.6|96.79|115.4|70.54|563,2,1,0|time|60|-1|2|60|0|18.33|false|false|english|none|normal|false|false|false||1682169664000
6443decee695bdeb26d29e99||112.38|95.98|115.58|72.15|562,4,0,1|time|60|-1|15|60.01|0|69.87|false|false|english|none|normal|false|false|false||1682169550000
6440cb50003d990608f81385||116.78|97.71|119.58|81.24|584,5,0,1|time|60|-1|20|60.01|0|183.6|false|false|english|none|normal|false|false|false||1681967952000
6440c7f8003d990608f1ee17||111.36|96.29|114.96|74.13|557,4,0,1|time|60|-1|3|60.02|0|20.51|false|false|english|none|normal|false|false|false||1681967096000
6440c79a003d990608f1ec16||113.2|96.95|116|75.29|566,6,0,2|time|60|-1|22|60|0|162.9|false|false|english|none|normal|false|false|false||1681967002000
6440a901003d990608ba88b6||110.78|97.78|114.78|74.13|554,4,1,2|time|60|-1|3|60.01|0|88.06|false|false|english|none|normal|false|false|false||1681959169000
64400e6a003d990608aa4133||104.98|95.25|116.78|79.73|525,13,0,5|time|60|-1|4|60.01|0|16.95|false|false|english|none|normal|false|false|false||1681919594000
64400e0f003d990608aa3c61||108.56|97.03|112.56|75.37|543,5,0,1|time|60|-1|2|60.02|0|28.6|false|false|english|none|normal|false|false|false||1681919503000
64400cc5003d990608aa2b60||110.58|96.39|112.78|75.53|553,2,0,1|time|60|-1|19|60.01|0|185.44|false|false|english|none|normal|false|false|false||1681919173000
643d5fb87e559c681d63ea80||116.38|96.12|121.18|75.51|582,8,0,1|time|60|-1|7|60.01|0|116.64|false|false|english|none|normal|false|false|false||1681743800000
643d5ea77e559c681d5dd0aa||106.98|95.99|112.38|76.54|535,10,0,3|time|60|-1|1|60.01|0|1.56|false|false|english|none|normal|false|false|false||1681743527000
643d5e667e559c681d5dcd07||108.58|97.16|109.78|72.82|543,2,0,0|time|60|-1|5|60.01|0|86.56|false|false|english|none|normal|false|false|false||1681743462000
643ce04bb32f409c5218a41c||107.4|94.95|116.2|76.7|537,8,6,1|time|60|-1|7|60|0|33.61|false|false|english|none|normal|false|false|false||1681711179000
643c3795b32f409c52f28b6d|true|122.58|97.07|128.98|80.87|613,10,0,0|time|60|-1|15|60.01|0|161.35|false|false|english|none|normal|false|false|false||1681667989000
643c1c6fb32f409c52c76d61||114.78|95.02|122.58|79.16|574,14,2,4|time|60|-1|1|60.01|0|3.2|false|false|english|none|normal|false|false|false||1681661039000
643c1c24b32f409c52c76afa||107.8|95.18|114|77.73|539,6,6,3|time|60|-1|18|60|0|143.46|false|false|english|none|normal|false|false|false||1681660964000
643bea08b32f409c526b4737||114.38|95.48|121.78|79.71|572,12,1,1|time|60|-1|6|60.01|0|74.16|false|false|english|none|normal|false|false|false||1681648136000
643be937b32f409c526b4130||110.8|95.67|117.2|73.94|554,9,0,0|time|60|-1|8|60|0|76.92|false|false|english|none|normal|false|false|false||1681647927000
643b90c0b32f409c52d23a17||107.98|93.89|113.78|76.66|540,13,0,5|time|60|-1|8|60.01|0|44.28|false|false|english|none|normal|false|false|false||1681625280000
643b8b3bb32f409c52c60612||112.78|96.15|116.58|73.58|564,6,1,1|time|60|-1|5|60.01|0|13.05|false|false|english|none|normal|false|false|false||1681623867000
643b5c67b32f409c52768483||100.18|94.14|105.78|72.73|501,7,2,5|time|60|-1|2|60.01|0|84.66|false|false|english|none|normal|false|false|false||1681611879000
643a7f50b32f409c52f4edbd||103|96.67|105.6|76.52|515,3,0,1|time|60|-1|16|60|0|174.21|false|false|english|none|normal|false|false|false||1681555280000
643a3982b32f409c527aade5||110.78|96.51|116.98|82.3|554,7,0,1|time|60|-1|3|60.01|0|18.26|false|false|english|none|normal|false|false|false||1681537410000
643a391cb32f409c527aabb3||104.38|97.25|106.18|71.94|522,5,0,0|time|60|-1|4|60.01|0|86.92|false|false|english|none|normal|false|false|false||1681537308000
643a0efcb32f409c52315a8f||104.2|96.44|110.8|73.79|521,10,0,5|time|60|-1|3|60|0|60.5|false|false|english|none|normal|false|false|false||1681526524000
643a0dffb32f409c5231549a||103.2|93.24|108.4|75.27|516,11,3,2|time|60|-1|3|60|0|5.42|false|false|english|none|normal|false|false|false||1681526271000
643a0d4db32f409c5231505c||112.4|97.74|112.4|77.48|562,0,0,0|time|60|-1|2|60|0|12.55|false|false|english|none|normal|false|false|false||1681526093000
643a0c3ab32f409c52314a51||105.98|96.08|109.58|75.7|530,5,0,2|time|60|-1|0|60.01|0|0|false|false|english|none|normal|false|false|false||1681525818000
643a0bf7b32f409c522b4126||113.4|96.64|116.8|76.84|567,6,1,1|time|60|-1|1|60|0|0.7|false|false|english|none|normal|false|false|false||1681525751000
64398522b32f409c52421f2b||107.8|96.34|111.8|72.87|539,6,1,0|time|60|-1|4|60|0|76.88|false|false|english|none|normal|false|false|false||1681491234000
64398422b32f409c524213c6||113.18|97.3|116.38|79.08|566,9,0,2|time|60|-1|12|60.01|0|32.65|false|false|english|none|normal|false|false|false||1681490978000
64398385b32f409c52420c70||113.98|96.82|117.38|76.83|570,6,0,1|time|60|-1|2|60.01|0|9.06|false|false|english|none|normal|false|false|false||1681490821000
64398194b32f409c523befe5||104.58|95.66|106.58|73.42|523,3,1,0|time|60|-1|6|60.01|0|66.82|false|false|english|none|normal|false|false|false||1681490324000
64396cbeb32f409c5216c33f||109.38|95.78|115.18|78.29|547,5,0,3|time|60|-1|0|60.01|0|0|false|false|english|none|normal|false|false|false||1681484990000
64396c17b32f409c5216bb81||107.78|95.54|114.78|75|539,10,1,1|time|60|-1|42|60.01|0|424.47|false|false|english|none|normal|false|false|false||1681484823000
643948e4b32f409c52d8ccdd||116.78|97.07|120.58|74.43|584,3,1,1|time|60|-1|5|60.01|0|22.51|false|false|english|none|normal|false|false|false||1681475812000
64394857b32f409c52d8c752||108.6|95.91|115|81.33|543,7,1,1|time|60|-1|22|60|0|241.92|false|false|english|none|normal|false|false|false||1681475671000
6438e9e3b32f409c52336952||113.38|96.59|115.38|77.76|567,7,1,0|time|60|-1|13|60.01|0|75.53|false|false|english|none|normal|false|false|false||1681451491000
6438e8beb32f409c523361b1||105.38|94.89|109.38|68.65|527,8,0,0|time|60|-1|2|60.01|0|13.6|false|false|english|none|normal|false|false|false||1681451198000
6438e7eeb32f409c522d5668||116.78|96.41|118.98|78.09|584,4,0,0|time|60|-1|4|60.01|0|17.27|false|false|english|none|normal|false|false|false||1681450990000
6438e769b32f409c522d530d||107.2|94.04|118.4|77.95|536,14,2,0|time|60|-1|9|60|0|47.52|false|false|english|none|normal|false|false|false||1681450857000
6438e6bfb32f409c522d4e4b||106.98|94.42|114.78|77.09|535,10,2,1|time|60|-1|0|60.01|0|0|false|false|english|none|normal|false|false|false||1681450687000
6438dd72b32f409c521aff1b||110.8|93.71|116.2|78.25|554,10,5,0|time|60|-1|6|60|0|51.86|false|false|english|none|normal|false|false|false||1681448306000
6438db6bb32f409c521af226||106.38|94.6|110.38|70.72|532,2,5,0|time|60|-1|7|60.01|0|51.28|false|false|english|none|normal|false|false|false||1681447787000
6438c008b32f409c52ea14ea||111.58|96.99|118.78|81.41|558,6,2,2|time|60|-1|5|60.01|0|23.29|false|false|english|none|normal|false|false|false||1681440776000
6438bf8fb32f409c52ea11e4||108.78|95.38|111.58|74.09|544,6,0,2|time|60|-1|0|60.01|0|0|false|false|english|none|normal|false|false|false||1681440655000
6438be89b32f409c52ea0bec||106.76|95.68|113.56|77|534,9,1,1|time|60|-1|3|60.02|0|32.47|false|false|english|none|normal|false|false|false||1681440393000
6438bde8b32f409c52e40293||104.78|96.26|110.18|75.08|524,7,0,2|time|60|-1|6|60.01|0|44.58|false|false|english|none|normal|false|false|false||1681440232000
6438bd20b32f409c52e3fddb||109.8|95.9|114.4|74.83|549,8,1,0|time|60|-1|2|60|0|6.69|false|false|english|none|normal|false|false|false||1681440032000
6438bccab32f409c52e3fbc6||110.78|94.89|118.98|79.1|554,13,2,2|time|60|-1|0|60.01|0|0|false|false|english|none|normal|false|false|false||1681439946000
64369a9aefc8e3ce51988cf7||105.98|95.92|109.58|75.65|530,4,0,2|time|60|-1|6|60.01|0|91.58|false|false|english|none|normal|false|false|false||1681300122000
64362e8cefc8e3ce51db6481||108.58|94.82|112.38|74.56|543,9,1,1|time|60|-1|0|60.01|0|0|false|false|english|none|normal|false|false|false||1681272460000
6435926632a956cd0a753f0d||102.38|94.51|110.58|76|512,13,1,2|time|60|-1|2|60.01|0|7.31|false|false|english|none|normal|false|false|false||1681232486000
6435921a32a956cd0a753b94||105.4|96.33|112.2|75.74|527,5,2,3|time|60|-1|8|60|0|124.07|false|false|english|none|normal|false|false|false||1681232410000
64358fb032a956cd0a6f1cd3||105.38|95.71|108.58|75.33|527,5,1,0|time|60|-1|3|60.01|0|18.82|false|false|english|none|normal|false|false|false||1681231792000
64358f4a32a956cd0a6f17e7||113.98|96.35|117.98|77.94|570,7,0,2|time|60|-1|4|60.01|0|11.74|false|false|english|none|normal|false|false|false||1681231690000
6435297632a956cd0abcef2b||113.6|94.84|122.2|77.96|568,14,3,0|time|60|-1|14|60|0|141.25|false|false|english|none|normal|false|false|false||1681205622000
6434331632a956cd0a11f981||105.6|96.05|108|72.67|528,3,0,0|time|60|-1|31|60|0|251.16|false|false|english|none|normal|false|false|false||1681142550000
643429fe32a956cd0aff9516||106.18|96.77|108.98|78.09|531,4,0,1|time|60|-1|4|60.01|0|26.19|false|false|english|none|normal|false|false|false||1681140222000
6434298a32a956cd0aff902d||99.6|94.95|108.2|72.13|498,6,7,3|time|60|-1|2|60|0|23.86|false|false|english|none|normal|false|false|false||1681140106000
643428d232a956cd0aff881c||105.38|96.38|107.78|72.19|527,3,1,1|time|60|-1|3|60.01|0|28.2|false|false|english|none|normal|false|false|false||1681139922000
6434285b32a956cd0aff82dd||105.98|94.74|108.38|71.72|530,2,0,5|time|60|-1|1|60.01|0|2.45|false|false|english|none|normal|false|false|false||1681139803000
6431ad8132a956cd0ab3ffee||95.78|93.07|103.78|68.11|479,12,3,2|time|60|-1|25|60.01|0|240.83|false|false|english|none|normal|false|false|false||1680977281000
64318ea032a956cd0a7d41ba||106.2|94.29|115|73.49|531,9,1,5|time|60|-1|1|60|0|55.62|false|false|english|none|normal|false|false|false||1680969376000
64318d9532a956cd0a7d3991||108.18|95.23|114.98|73.15|541,12,0,8|time|60|-1|3|60.01|0|50.31|false|false|english|none|normal|false|false|false||1680969109000
6431629c32a956cd0a3439d8||101.17|93.58|108.16|72.68|506,9,3,3|time|60|-1|2|60.02|0|26.92|false|false|english|none|normal|false|false|false||1680958108000
6431623d32a956cd0a343761||103.38|95.01|113.98|77.02|517,11,2,3|time|60|-1|8|60.01|0|104.3|false|false|english|none|normal|false|false|false||1680958013000
64314d6232a956cd0a0fd3b4||108|97.05|114.6|77.37|540,8,0,2|time|60|-1|4|60|0|53.6|false|false|english|none|normal|false|false|false||1680952674000
64314c8c32a956cd0a09d420||106.4|96.15|112.2|75.82|532,6,3,0|time|60|-1|10|60|0|169.44|false|false|english|none|normal|false|false|false||1680952460000
643108ce0f3b75c13f396219||103.58|93.1|112.58|73.38|518,17,2,2|time|60|-1|1|60.01|0|0.62|false|false|english|none|normal|false|false|false||1680935118000
643107d60f3b75c13f395b8b||96.58|93.73|104.58|73.73|483,8,2,3|time|60|-1|3|60.01|0|28.54|false|false|english|none|normal|false|false|false||1680934870000
643106340f3b75c13f335694||106.2|94.69|114.2|72.96|531,11,0,4|time|60|-1|5|60|0|70.74|false|false|english|none|normal|false|false|false||1680934452000
643104ce0f3b75c13f334ceb||107.6|93.85|117.8|76.77|538,9,8,2|time|60|-1|14|60|0|99.5|false|false|english|none|normal|false|false|false||1680934094000
6430f1420f3b75c13f11f7f4||110.2|95.25|114.4|74.06|551,8,0,2|time|60|-1|2|60|0|15.13|false|false|english|none|normal|false|false|false||1680929090000
6430eb430f3b75c13f08db68||108.58|95.58|115.98|77.97|543,11,1,3|time|60|-1|1|60.01|0|15.51|false|false|english|none|normal|false|false|false||1680927555000
64303f07fd34dc518624ec4f||110.78|96.45|116.38|80.27|554,5,4,3|time|60|-1|0|60.01|0|0|false|false|english|none|normal|false|false|false||1680883463000
64303b37fd34dc51861ecf89||103.58|93.66|110.18|75.49|518,13,1,4|time|60|-1|8|60.01|0|72.12|false|false|english|none|normal|false|false|false||1680882487000
6430391efd34dc518618c28a||112.2|94.63|120.4|79.79|561,13,1,2|time|60|-1|5|60|0|50.68|false|false|english|none|normal|false|false|false||1680881950000
64303887fd34dc518618bd36||111.98|94.87|117.18|73.17|560,8,1,4|time|60|-1|2|60.01|0|58.54|false|false|english|none|normal|false|false|false||1680881799000
64300f19fd34dc5186cfa47f|true|117.38|96.45|122.38|82.89|587,9,2,1|time|60|-1|7|60.01|0|99.76|false|false|english|none|normal|false|false|false||1680871193000
64300d9cfd34dc5186cf990b||114.6|96.1|121.8|82.05|573,10,1,2|time|60|-1|5|60|0|68.5|false|false|english|none|normal|false|false|false||1680870812000
642fbb45fd34dc51863e27c5||101.2|92.79|110.4|76.86|506,15,1,9|time|60|-1|8|60|0|102.5|false|false|english|none|normal|false|false|false||1680849733000
642fba47fd34dc51863e2163||109.56|96.86|112.36|75.86|548,4,1,1|time|60|-1|9|60.02|0|63.43|false|false|english|none|normal|false|false|false||1680849479000
642d8ca86ea27ff0b9c45be9||106.38|94.13|112.18|73.93|532,11,1,2|time|60|-1|5|60.01|0|31.62|false|false|english|none|normal|false|false|false||1680706728000
642d8c0e6ea27ff0b9c453b9||108.76|95.21|113.36|74.63|544,6,2,2|time|60|-1|30|60.02|0|198.76|false|false|english|none|normal|false|false|false||1680706574000
642cf5ec0e2987d5c6d623ae||100.57|93.75|108.96|73.71|503,12,2,2|time|60|-1|4|60.02|0|34.87|false|false|english|none|normal|false|false|false||1680668140000
642cf4690e2987d5c6d025e2||110.38|96.56|113.38|72.07|552,4,0,1|time|60|-1|22|60.01|0|217.53|false|false|english|none|normal|false|false|false||1680667753000
642c51a20a366c07ed10d9ad||115.16|96.86|119.56|75.96|576,6,1,5|time|60|-1|6|60.02|0|20.26|false|false|english|none|normal|false|false|false||1680626082000
642c50b50a366c07ed10cea9||110.78|95.52|118.98|81.53|554,12,2,2|time|60|-1|14|60.01|0|124.18|false|false|english|none|normal|false|false|false||1680625845000
642c4eca0a366c07ed0ac5d9||109|97.36|111.8|71.41|545,3,0,2|time|60|-1|7|60|0|49.8|false|false|english|none|normal|false|false|false||1680625354000
642c2f730a366c07edd3afa8||105.4|94.22|109.8|71|527,8,1,0|time|60|-1|3|60|0|39.46|false|false|english|none|normal|false|false|false||1680617331000
642c2c870a366c07edcd976e|true|116.6|96.75|121.4|77.43|583,7,1,1|time|60|-1|4|60|0|10.28|false|false|english|none|normal|false|false|false||1680616583000
642c2b860a366c07edcd8a0c||105.98|96.22|107.98|75.17|530,3,0,1|time|60|-1|5|60.01|0|43.01|false|false|english|none|normal|false|false|false||1680616326000
642c2b0e0a366c07edcd83b3||109.18|95.6|115.38|76.64|546,5,2,4|time|60|-1|0|60.01|0|0|false|false|english|none|normal|false|false|false||1680616206000
642ac55d0a366c07ed63081f||107.18|96.11|110.98|70.9|536,5,4,1|time|60|-1|13|60.01|0|77.09|false|false|english|none|normal|false|false|false||1680524637000
642ac45e0a366c07ed62febb||106.56|94.06|119.36|78.03|533,16,1,2|time|60|-1|8|60.02|0|57.11|false|false|english|none|normal|false|false|false||1680524382000
642ac3760a366c07ed62f586||103.98|95.19|109.18|71.45|520,9,1,1|time|60|-1|10|60.01|0|108.37|false|false|english|none|normal|false|false|false||1680524150000
642ac0440a366c07ed5ce84f||99.98|94.05|109.18|79.52|500,14,2,2|time|60|-1|2|60.01|0|38.6|false|false|english|none|normal|false|false|false||1680523332000
642abcd80a366c07ed56d93f||107.58|95.67|113.98|78.6|538,10,2,2|time|60|-1|0|60.01|0|0|false|false|english|none|normal|false|false|false||1680522456000
642abc870a366c07ed56d688||99.17|93.96|109.16|74.7|496,9,0,10|time|60|-1|10|60.02|0|121.66|false|false|english|none|normal|false|false|false||1680522375000
642abb250a366c07ed50db5f||108|92.47|118|77.57|540,25,3,4|time|60|-1|6|60|0|16.46|false|false|english|none|normal|false|false|false||1680522021000
642aba400a366c07ed50d484||109|96.52|112.6|74.21|545,5,0,2|time|60|-1|14|60|0|74.29|false|false|english|none|normal|false|false|false||1680521792000
642ab9790a366c07ed50cecb||111.78|96.91|115.78|78.9|559,10,0,1|time|60|-1|4|60.01|0|24.02|false|false|english|none|normal|false|false|false||1680521593000
642a7ef00a366c07edea2f66||102.97|95.86|109.56|76.21|515,9,1,2|time|60|-1|5|60.02|0|16.96|false|false|english|none|normal|false|false|false||1680506608000
642829470a366c07edeacc77||101.4|92.91|109.6|72.18|507,17,0,4|time|60|-1|6|60|0|59.18|false|false|english|none|normal|false|false|false||1680353607000
6428286d0a366c07edeac6cb||108.58|94.01|117.98|75.04|543,15,2,4|time|60|-1|10|60.01|0|73.34|false|false|english|none|normal|false|false|false||1680353389000
6421aab3d9bf936fd696a75c||104|96.54|107.4|72.95|520,4,0,3|time|60|-1|3|60|0|3.77|false|false|english|none|normal|false|false|false||1679927987000
6421aa64d9bf936fd696a38f||105.6|95|112.8|70.46|528,11,0,0|time|60|-1|4|60|0|41.18|false|false|english|none|normal|false|false|false||1679927908000